email,password,phone_number,name,birthday,gender
eunju86@nate.com,2PTm146k*p,043-840-3216,김준서,1959-07-24,M
ogja19@daum.net,i3asT0Wd(7,017-951-1884,양영자,1935-06-27,F
gyeongsug63@daum.net,OLY6Jt)yS$,061-657-6162,장지원,1972-07-03,F
cyun@hanmail.net,fzSeSFkd^2,063-062-5526,서지현,1999-06-13,F
yeongsigsin@gmail.com,Pp$9BSOgk6,041-737-7685,이경숙,1968-12-15,F
ogsun68@nate.com,2fA!BH@p_0,041-095-0065,홍지민,1921-07-19,F
jomigyeong@hotmail.com,o0U4c)3D!^,044-251-9843,이병철,1956-08-26,M
sugjasong@dreamwiz.com,*F0FOVeY$9,044-666-8505,엄민준,2013-06-02,M
jeongsungim@live.com,8d)&3C*yt*,053-876-9370,윤주원,1983-12-07,M
jgim@gmail.com,r#ku8+mJcP,017-527-8036,김미숙,1966-05-07,F
caeweoni@dreamwiz.com,j!6i7UeV0C,070-2583-8643,이성민,1911-04-17,M
mgim@daum.net,%j6P9j7T#A,052-021-5378,이은영,1963-06-15,F
zjeon@daum.net,(!n&3RreF*,061-244-6982,손우진,1975-11-17,M
honghyeonu@hotmail.com,9Rw+X1OiIV,042-045-2544,이아름,1993-06-06,F
yeongsugim@nate.com,x2(uqNrt(A,064-756-1667,이성민,1988-05-08,M
gimseonyeong@naver.com,!75Vksp36q,054-412-8387,최중수,1989-03-29,M
yeji37@hanmail.net,#a53IoyRG),010-9594-9330,최서영,1947-01-28,F
minseoca@dreamwiz.com,9$ia5Q$y#z,031-458-0605,고지아,1994-05-27,F
seonyeong21@naver.com,C#0DcZxDc_,032-935-5906,김영호,2020-07-19,M
zheo@gmail.com,_c#9JuNcci,053-675-0384,문중수,1947-10-11,M
jgim@daum.net,265MXmv0^q,053-393-6434,김현주,1926-07-23,F
seonyeong57@gmail.com,)I13bQfQ*7,011-794-7593,김숙자,1937-10-24,F
jeongho80@daum.net,eT6U2hhOd^,043-797-6651,안상훈,1916-10-05,M
baegmyeongsug@naver.com,us2Aa5ynj#,017-015-5638,홍정식,1921-05-15,M
yeongsiggang@hotmail.com,3n7hSnjy*!,010-2158-1935,박현정,1969-02-10,F
hyeonjungim@hanmail.net,4&9RViQar3,062-952-5380,나성민,1948-02-24,M
areum17@dreamwiz.com,+zF9OBUa_&,052-954-7438,이정숙,1911-08-30,F
songjia@nate.com,r4%14FRyGH,018-361-9974,한경숙,1961-01-22,F
sanghuni@gmail.com,B%(5C8gp6t,016-883-6007,김영호,1929-06-04,M
jinubag@hotmail.com,_%1Bu+ddAj,070-0145-4234,류준호,2000-03-31,M
gimjunyeong@hanmail.net,09yR!D4f#f,055-317-9154,이정식,1936-03-27,M
yeongsu68@dreamwiz.com,@eg6EJuTj),041-410-8480,윤옥순,2010-08-01,F
kjo@daum.net,F@38W6DPqm,010-7652-6485,이예진,1959-06-03,F
jihungim@naver.com,56CFvnpg_Q,031-019-1747,박영숙,1988-06-04,F
pgim@hotmail.com,u$N2FXOf&R,017-308-5868,권정남,1918-01-17,M
yeongsun02@naver.com,olovT2GkZ&,033-695-0894,차순옥,2012-07-12,F
coemijeong@dreamwiz.com,(2I$RQd4bH,016-215-8379,주예은,1913-08-09,F
rcoe@gmail.com,#5XTHrr%qL,010-9076-2381,배정식,1934-01-16,M
ni@daum.net,$np3ZFrozq,043-006-7352,김서준,1931-02-06,M
gangseonyeong@hotmail.com,()CoRSru*8,063-535-1953,박유진,1932-11-11,F
gyeonghyi43@hotmail.com,n85TnTHf#s,02-6954-4709,장은정,1955-11-03,F
gweoncunja@hotmail.com,f*IcwC#u^9,043-985-6476,이지민,1912-10-27,F
jieunyang@daum.net,^0Be8J^Hqd,042-778-1715,전경자,1953-08-21,F
hansujin@live.com,21LuGIVz#+,070-4275-3104,고영일,2009-10-26,M
hyeonugim@gmail.com,!*Z!t_IcF6,051-570-5456,이민석,2007-06-18,M
minsu37@dreamwiz.com,(e04IjWz60,010-6842-5233,이영미,1964-02-16,F
seoyun25@naver.com,6m+OE4Ltl@,052-716-4131,손지원,1939-08-19,F
ihyeonjun@daum.net,jt+j6O(&*6,041-396-8799,심민석,1942-12-29,M
yeongceolgim@gmail.com,#03Bgn5u@p,041-693-1060,노예준,1950-02-20,M
rha@nate.com,_&8@mToeIx,041-973-2376,김성호,1981-09-25,M
jeongsug58@naver.com,@)5V+M2x)Y,053-148-5075,송상호,1945-08-24,M
sanghyeoni@hotmail.com,NVn8(N6a*1,044-739-1807,김상현,1934-08-20,M
ucoe@gmail.com,29UPJq^7%7,054-319-2358,김성훈,1951-02-08,M
eunjugim@daum.net,_ahKXO3im9,011-805-7767,진정수,1907-04-15,M
seongsuo@gmail.com,%g&P4yZq7F,051-450-4992,김경숙,1956-02-19,F
jiyeon14@hanmail.net,AAJ%3BUrk1,044-332-0726,최영숙,1954-06-25,F
ijeongsig@nate.com,&i4N^pNtTO,052-018-9609,박경숙,1920-06-08,F
ieungyeong@hanmail.net,J2TkiLRG$P,061-029-5412,박시우,1995-11-19,M
hayuni@naver.com,S2*TYD(y(j,044-120-7390,박수빈,1923-10-02,F
ji@live.com,3hWuD*C0#^,033-833-9333,이준혁,1968-08-17,M
hayungim@daum.net,(R6X6RksAx,061-262-5523,박보람,2020-02-22,F
songjihye@dreamwiz.com,$9lDNetoR2,043-669-6391,정종수,1939-11-19,M
uo@dreamwiz.com,tE$6NbjdF$,063-074-7461,김예지,1918-09-12,F
gimmisug@hanmail.net,^l9Exuf%u6,044-167-3140,차병철,1944-11-14,M
misug15@naver.com,(MWGsmzK0t,051-661-7722,김유진,1948-12-26,F
eungyeong00@live.com,h%o6bVLhc(,064-718-8171,이수빈,1996-01-31,F
dgang@live.com,WxLwKfWE^9,031-433-2833,서민수,2006-11-04,M
boram68@hotmail.com,_5YTWo*lV_,053-445-5648,강현지,1989-08-30,F
ogja21@daum.net,%3XLLaCcDC,042-039-1717,김현지,2001-05-02,F
hyeonu92@hotmail.com,*L%QMGVmo8,018-376-6307,노영숙,1991-11-18,F
hyeonju20@gmail.com,)5u3VMiS+D,017-455-6569,김서현,1999-12-17,F
wbag@daum.net,@8JlpZ!ieU,011-098-5338,박정호,1935-12-27,M
iyang@hotmail.com,s*S9cTy!62,010-8365-2093,김현주,2017-02-20,F
jihunjin@naver.com,n#3!8TffBE,070-6882-0621,문민재,1976-02-04,M
eunyeongi@dreamwiz.com,$*nF&7Nb6i,017-025-8331,박정훈,1983-07-14,M
aeom@dreamwiz.com,8(hJ@sJp_W,016-210-5477,김순옥,1915-03-24,F
coeyeongho@hanmail.net,S4xRKq^w%x,051-568-0483,김경자,1974-12-16,F
junhyeogo@hanmail.net,)6TIs^)8Pj,052-523-5172,김영길,1970-02-18,M
baghayun@nate.com,@)I2Zq)iM0,041-772-1977,오정자,1958-12-16,F
gohayun@hotmail.com,%)Ik28XkF3,062-136-1876,황민수,2009-12-15,M
yeongsig24@dreamwiz.com,%1tM8rd@pt,053-597-6107,박상호,1957-10-20,M
eunjeonggang@nate.com,xk3J3pAs%f,017-387-1362,김준서,1981-08-25,M
hyejin99@gmail.com,BE2iHW6e_g,011-438-2437,민우진,2015-01-31,M
minjunhong@dreamwiz.com,M)(q6*Ai7b,010-3981-9719,서경숙,2008-01-28,F
gimyeeun@dreamwiz.com,&3BzQc9ZbM,031-134-1964,나지민,1994-09-28,F
yangyeongsug@hanmail.net,aU$0W6*yU(,042-564-7158,이미숙,1938-11-11,F
yna@naver.com,5Xbd6KCh#$,032-879-1023,김정호,1985-06-13,M
jeongsugson@nate.com,0WIR^ULb*d,054-557-2716,박민서,1933-09-21,F
guyujin@daum.net,*a4PYGrJPn,041-131-4239,김수민,1961-02-24,F
pcoe@hanmail.net,FKo2X21jC!,053-662-2130,나서윤,1970-03-30,F
seoyeong58@hotmail.com,*_qQ90BpdS,063-405-2627,조승민,1944-11-01,M
yeonghyii@naver.com,ALW9eD4h@z,061-147-8417,성재현,1909-08-12,M
vi@dreamwiz.com,P#!118HgMU,061-077-5920,한진우,1978-08-05,M
jinhogim@gmail.com,%d()Xec3O7,053-445-0128,이상호,1958-07-28,M
gimmisug@dreamwiz.com,_N5r&EcV*!,044-285-6429,서우진,1961-12-09,M
obag@hotmail.com,tA5136Qlq),019-263-1201,김예준,1915-07-21,M
sujin99@daum.net,L2li5UcUU^,044-361-6453,김지후,1987-09-08,M
myeongsugbae@hanmail.net,GhDGc6Rq+0,061-262-2273,이미영,1921-06-18,F
hjeon@daum.net,98sxA4EV@j,032-569-4528,진우진,1999-11-02,M
useoyun@naver.com,1NAMluIw@e,018-281-7625,김예지,1952-01-06,F
jongsuhong@hotmail.com,!x5A$o!Krg,044-517-4787,김정훈,1966-09-23,M
jia58@naver.com,+&w#3CaN(8,042-520-3023,이건우,1988-10-15,M
jeongung47@naver.com,khyHo8UG^8,010-5499-0472,김현주,1981-10-02,F
fgim@hotmail.com,BZW4DEkK*4,018-341-6475,김영순,2007-11-30,F
siu82@live.com,^e@GerAK1u,011-702-9100,이준서,1916-09-01,M
gimjinu@daum.net,@V47eCPy3m,011-942-5670,심혜진,1936-06-05,F
minsubag@gmail.com,)KZV$aBh9V,070-6997-2871,이순자,2015-11-08,F
junho69@dreamwiz.com,XrH723Phk%,017-358-0250,박수빈,1968-11-06,F
ngim@nate.com,@vMNXdzI56,053-684-1380,김정식,1956-10-07,M
hyeonjugim@dreamwiz.com,HPE2yJq_*G,041-318-0509,김예지,1944-01-12,F
chan@nate.com,*@93GK4mxX,070-7540-9728,강민서,1944-04-02,F
hyeonsug12@nate.com,s0r6vGPd$A,032-901-1979,이건우,2014-07-23,M
seoyun35@live.com,muuuUuba*2,051-945-1283,김영희,1929-02-14,F
jieungim@live.com,Q^q2W_e5Ih,010-5040-2357,이지혜,1957-01-13,F
bagyeongceol@gmail.com,*5NJvLotkx,011-057-1865,김영미,2019-03-27,F
iminjae@nate.com,%47+5ZDn4P,051-716-2504,김현정,1922-08-05,F
hbag@naver.com,!jBsVf89z7,031-545-3985,박민수,1931-12-04,M
donghyeoni@dreamwiz.com,3%0Bomqy9^,052-397-4491,하성수,1939-11-06,M
ygang@naver.com,grY05hWq)%,032-369-8391,오승민,1915-12-14,M
ei@nate.com,9OO%aJMr!r,031-040-5369,김성호,1978-07-15,M
gimmigyeong@gmail.com,d0dew4Y9&O,017-071-1243,이경숙,1961-03-20,F
bagjaehyeon@live.com,^6aUvhA9JP,044-693-0227,이지후,2007-08-20,M
yeongsu15@nate.com,^b2*Q2zjq6,051-155-3225,강예원,1963-12-18,F
ieunjeong@naver.com,H7Syu(kK^q,018-994-8152,박정순,1916-09-01,F
yu@daum.net,*8D%QqXP6z,011-043-9936,박서현,1912-06-28,F
misugi@hotmail.com,g3xTq%Wx@1,031-649-2614,최영진,1970-08-15,M
ryujongsu@dreamwiz.com,Id1rm0Ali%,010-6092-4120,김서연,2010-08-03,F
junyeong57@live.com,y3AJUErJ)i,044-425-7370,김서윤,1908-07-05,F
gimjihu@gmail.com,X$TAd8He^o,041-678-6072,권시우,1925-11-17,M
yejun01@daum.net,Md1*Xk)3_F,043-443-1608,권영순,1909-03-06,F
gangminji@naver.com,bAup1Qmx+V,033-716-2923,양순옥,2000-10-13,F
dbag@live.com,x3JFWHTd#U,070-3136-0994,최준서,2020-11-06,M
namhaeun@nate.com,%Y6FI5asXZ,061-773-3903,김성현,1948-11-19,M
jeongsuggim@live.com,7X4eEwdp@b,062-602-4797,최건우,1935-05-13,M
noyejin@hanmail.net,^+55PB7ji7,041-112-2103,이순자,1994-12-19,F
gweonbyeongceol@gmail.com,n3Kim722#p,053-616-3703,이성호,1946-04-08,M
gimsiu@daum.net,)f5j$NwTKc,070-7115-5778,이준혁,1952-05-17,M
ycoe@dreamwiz.com,8*$9Bnl6Pp,032-531-2711,이숙자,1966-08-30,F
yujin13@hotmail.com,_0X3OVhD*P,019-883-6402,김현주,1964-02-03,F
byeongceolgim@live.com,0t00hCsc9$,063-748-6590,서상현,1952-10-11,M
hi@hanmail.net,CF5QvHNY%+,017-239-9762,김명숙,1913-09-30,F
hyeonjun29@daum.net,S#2V62Vo^s,017-783-9252,김건우,1921-08-13,M
sangho25@daum.net,bR0Vh8Ch^2,070-1070-2163,이영식,2009-10-28,M
qbag@nate.com,+1YV@&km!G,064-715-0837,최은경,1916-12-17,F
gi@nate.com,uyuO1AtCH@,041-040-1501,최은영,1911-06-14,F
seoyun40@hotmail.com,iX0U%&q(%h,064-712-8739,이진우,1984-07-16,M
yunjaeho@naver.com,^$1GuUtvzZ,018-139-3473,이민준,1952-12-27,M
ijinho@naver.com,8u^06IuzIX,051-329-8575,김영진,1995-02-11,M
gyeongsug86@dreamwiz.com,E7C0!GJw!v,053-052-6621,김경숙,2014-05-05,F
ksong@daum.net,Rf6VQXEw%T,031-166-6399,최현숙,1964-10-28,F
jiucoe@nate.com,qkB5r)Am3@,010-2166-6068,김준영,2018-10-14,M
ebag@gmail.com,uf_2Y%qeFv,063-835-7005,이유진,1928-09-15,F
jeongung59@hotmail.com,(L58UnoQN9,061-095-6448,한경숙,2016-05-14,F
coecaeweon@live.com,KiqXzDCg&6,062-254-7789,최현정,1953-05-26,F
mgim@naver.com,0$1cYUba*X,063-652-6789,박정훈,1926-08-15,M
wgang@dreamwiz.com,4Fs$Ntjd%U,061-077-6939,심지후,1944-10-29,M
misug45@daum.net,d(b)45B9ig,061-665-4697,이영철,1981-09-12,M
kbag@dreamwiz.com,#P9w$7!k&9,041-479-5358,한지은,1957-01-03,F
pjang@dreamwiz.com,@wp8EOpo2V,010-4626-8192,양은정,2004-06-23,F
zgweon@nate.com,!7eX6Ee@iE,033-660-2438,권준서,1917-12-18,M
minseo95@dreamwiz.com,z48Th(Ps@b,033-260-7882,김윤서,1977-09-19,F
yeonggilan@hanmail.net,2eWIVne1!b,052-652-1276,최미영,1947-06-18,F
jeonghobag@nate.com,#I$&Zo34v9,043-419-3411,한민준,2007-02-06,M
cgim@gmail.com,1vVJ1rpy#^,017-034-4411,김은주,1968-11-13,F
seongsu64@hotmail.com,k#OxHs8f!6,043-302-7598,황서윤,1999-12-12,F
junyeong03@gmail.com,r_0)4IEx0H,010-0058-6729,박진호,1978-07-15,M
imijeong@dreamwiz.com,J@4IQ7xPgs,070-5642-7728,강영길,1986-04-11,M
jeonghogim@dreamwiz.com,(jI5Durkzh,042-310-7713,김재호,1911-04-12,M
pjang@naver.com,+7KCPkh3+z,033-561-6045,임명숙,2008-09-03,F
yeonggilo@nate.com,XIex5yJrp_,053-791-4321,서도윤,1930-11-02,M
janghyeonju@nate.com,RI$Y2vHvyg,017-749-7426,이준서,1945-12-10,M
gimyeongil@gmail.com,6ix32Ru9_w,031-283-3617,김민수,1978-01-09,M
ogim@gmail.com,bxNWIr#()8,070-9836-5936,김영길,1987-08-18,M
hayun13@daum.net,KJy9&Dmn$T,016-794-1016,박민지,1990-08-28,F
junhyeog24@live.com,R&6SSX8h0j,02-3266-7552,권준영,1964-03-06,M
go@nate.com,+6V7^3Yx1B,051-984-9429,이정수,1988-09-19,M
seonghyeon68@gmail.com,jTCZo2s6)1,051-144-1446,이정순,1943-06-12,F
sugja59@nate.com,Ft6FULcQX^,032-434-4102,김은영,1905-09-24,F
yeonggilgim@hotmail.com,m8RevyTb^6,062-849-0635,김미경,1951-02-19,F
iseongho@dreamwiz.com,M23D+6Qx^5,043-744-9868,김정순,1958-10-02,F
seongminsim@gmail.com,3SHf8nu^G^,031-285-3845,고시우,2014-12-09,M
siu01@nate.com,*GR8Lr7zmw,011-465-3202,최수진,1960-05-09,F
gangyeongmi@gmail.com,*7lSgKBsFZ,032-373-8656,주미정,1912-09-12,F
sujin65@hanmail.net,W%@(4hKxCx,018-332-4903,양민지,1981-05-01,F
haeun67@daum.net,&^%78EyleK,051-588-8379,최예진,1970-07-19,F
iyeeun@live.com,u0NPQ5f%)s,041-174-1643,박민서,2006-03-23,F
seongminji@gmail.com,K%yQ8Ax&kb,02-4567-3461,이경희,1952-12-29,F
junhogim@hanmail.net,^WM!QvKAz5,041-920-4900,박미정,2017-12-12,F
dohyeon74@hotmail.com,^OZufOntB9,033-664-0518,윤옥자,1978-03-15,F
pbag@naver.com,)S7MuwjCP^,052-691-0017,오은경,1967-03-28,F
dohyeon64@daum.net,8cO^HsNr^P,063-742-9048,김준서,1919-08-25,M
misug50@naver.com,)6&_NoVJ#s,055-388-2844,황예준,1936-11-17,M
junho43@naver.com,X%R0ZzNpnr,070-6867-8853,권성수,1907-11-07,M
jgim@live.com,H8!c7eUjPI,061-743-9631,강지훈,1995-06-28,M
yeongjagim@daum.net,2iJmpOnF!6,062-890-7305,최영자,1934-08-22,F
qbag@dreamwiz.com,La7(S9Hml%,051-451-8128,김은경,1963-10-29,F
hyeonjeonggim@hanmail.net,&5QdK%6)VD,062-036-5111,최동현,1950-04-08,M
yeonghwan09@hotmail.com,(6GXaF*kcT,033-428-6641,김지민,2006-10-29,F
gimyunseo@hotmail.com,RxD45D$AG_,011-702-9645,나준영,2002-11-06,M
rgu@naver.com,2X9u9A3g%y,033-598-9010,이예진,1943-10-26,F
gimgyeongja@naver.com,(6EicVWr&$,041-077-1123,윤상현,1908-11-26,M
coeyeongsig@daum.net,$3OsW*67A_,064-711-0317,송정식,2000-08-18,M
miyeong43@live.com,YpD&9FDd$B,070-1855-2324,문지민,1910-03-09,F
miyeong54@gmail.com,rxDyhtIB!1,016-803-5742,이선영,1923-08-18,F
yeonggil27@live.com,6fFCFsb%$5,010-4192-3375,장유진,1998-03-03,F
seongminhong@gmail.com,+*F7RoAESm,061-799-0580,이수빈,1967-11-14,F
seoyunna@live.com,3hF3TmonD^,041-516-3779,류건우,1949-01-11,M
jiyeoni@hotmail.com,j7oiTutw&H,031-937-6258,이정호,1990-07-11,M
yeongsun72@hanmail.net,R45cbXtZN),017-588-3864,김명숙,1928-03-27,F
jeongsigbag@gmail.com,)(boJ@Sp@8,031-784-9816,김지우,2015-10-23,F
cbag@gmail.com,9E+0O_iEYL,010-9882-9138,서진호,1997-05-22,M
yujini@nate.com,^p2@ZkAu*c,044-470-9615,권서연,2010-05-05,F
miyeong29@nate.com,_!J(lTsO)2,017-970-2775,김은경,1938-08-13,F
jeongung12@daum.net,K!eY7GrbWQ,044-693-7384,이도현,1930-11-06,M
ansangceol@live.com,$46AUm&Et&,043-286-4516,김민석,1951-03-19,M
subinson@nate.com,%o&LlAkeO2,016-831-6736,김명자,1964-10-12,F
seojimin@gmail.com,in1YOuV7_*,019-993-8650,최영미,1969-08-30,F
gimjimin@hotmail.com,aLNofkUd!5,062-536-0778,오영수,1952-03-15,M
yeongsig06@gmail.com,Z@5RItpj+b,018-115-9211,김준호,1965-08-28,M
noyunseo@daum.net,(C3fDxnJoe,032-964-0906,김예지,1943-07-27,F
jungsu40@nate.com,yu^W0Xd04a,041-937-4810,이아름,2017-05-18,F
yeji98@nate.com,XnMymoyh!9,031-942-8719,홍현지,2006-05-27,F
jiyeongi@naver.com,R&2BShBLK^,070-8704-5877,김성수,1918-04-12,M
sanghoju@daum.net,CO)H6zHy!i,032-763-5672,김지영,1906-06-17,F
jihye85@daum.net,&x_1T$dK5B,031-847-8546,손채원,2002-11-19,F
jbae@gmail.com,*5KCrI)kpQ,043-195-7140,이영숙,1923-06-06,F
gimcunja@dreamwiz.com,5mf1IKyL*i,041-434-6015,박정수,1949-02-09,M
hyeonju42@hotmail.com,@6#iUa9m@l,064-768-2622,김순옥,1940-03-07,F
nohyeonu@naver.com,!23IA1qR(I,051-679-6734,류상훈,1929-01-16,M
gimyeeun@live.com,^5C!ilnf(V,070-7993-5734,이지후,1935-12-25,M
ehan@naver.com,&$WGzy5wR6,055-149-3790,양현숙,2010-01-15,F
namjeongnam@hotmail.com,(n1Lhq+Ifk,063-522-0729,황준호,1916-08-31,M
gimmyeongja@dreamwiz.com,!)9I1HoNn3,051-608-9969,김도윤,1918-05-29,M
yeongmii@live.com,*z3!$N8mKo,031-368-9150,김예준,1941-05-22,M
goseunghyeon@naver.com,2nDrxy@z!8,042-018-9113,이은서,2010-05-03,F
jeongsu21@dreamwiz.com,f2OYSf2S_k,055-568-9418,홍선영,1988-04-09,F
gimjihye@live.com,jX@9#EMbu7,043-544-3753,한숙자,1957-08-30,F
vbag@live.com,VA8PFoQgH@,064-789-6827,백민수,1919-05-15,M
seunghyeon21@daum.net,PXB_u1*j2(,011-590-8138,김명숙,1944-01-13,F
iogsun@naver.com,59$1fOqu^H,061-638-1626,김정식,1979-08-21,M
seonyeongi@live.com,)4Ij8$o$@V,019-611-3852,이현우,1970-12-30,M
jihye59@dreamwiz.com,1HS5dKDb+$,041-180-2508,장서영,1934-12-29,F
hyeonjun91@dreamwiz.com,@a4Z%pe05b,044-173-3340,오지은,1918-05-07,F
jeongsu57@live.com,PNY6YIzk)4,070-5273-7996,하정수,1931-03-15,M
bagsunja@live.com,+mVxlUfnZ6,032-031-0021,이정호,1981-08-11,M
baegjihun@live.com,&k_O4KExI7,044-260-2816,김경수,2008-09-23,M
ei@dreamwiz.com,!P5#yH%q&4,010-4215-4618,황지혜,1958-03-31,F
coesujin@hanmail.net,47R0hRKj+r,041-684-3600,심재호,1909-09-03,M
xyun@hotmail.com,l!^38Pljd5,044-653-6837,김진우,1984-01-24,M
jihyeongim@nate.com,GN!2J6SysV,044-464-3263,최지영,1983-05-28,F
egim@hanmail.net,+lo5CmBoh4,054-168-2806,김상철,1927-10-27,M
fi@gmail.com,&PefPRo0&1,017-435-9488,노경숙,1936-01-22,F
mijeong86@live.com,#M5KzEdr#2,055-428-4891,김주원,2008-02-13,M
caeweon04@hanmail.net,$8LK7bNah4,033-184-8841,김민재,2020-06-06,M
yeongjai@dreamwiz.com,3ZYEqsdW@T,018-200-2936,이채원,1969-08-26,F
mi@naver.com,dPD9EVMk@7,011-860-3578,이현숙,1987-01-13,F
vbae@live.com,^pGX9m3e!5,041-598-7655,백정웅,1908-01-06,M
xgu@naver.com,#vesT1Um)q,061-649-6208,양현숙,1996-01-16,F
seongmin68@daum.net,#995DwqWOL,010-4052-8734,김진우,2001-11-14,M
seonghoi@naver.com,0E)fKFg0%T,055-432-6557,백순자,2019-03-29,F
ogim@hotmail.com,36Pj+TJy*),070-3893-2247,박은서,1948-08-18,F
wcoe@daum.net,n4VwWBVv!9,017-890-8101,김정식,1959-06-15,M
yeongjingim@gmail.com,%8UFvIfc13,031-705-1536,오상현,1962-04-27,M
gimsiu@gmail.com,R*9476Fv8o,054-553-9028,김지우,1916-03-16,F
hyeonu40@daum.net,8)CF%mN++v,070-4111-7479,배예원,1965-02-25,F
eunji93@hanmail.net,pg067qV*2%,053-588-3899,강준서,2013-03-08,M
sunja01@daum.net,@Qb4JZppMx,064-756-6947,이도윤,2008-02-17,M
uan@hotmail.com,m18+XL!w%b,063-113-6500,최경숙,1948-10-09,F
ieunju@dreamwiz.com,C4VACSHt^g,061-946-9672,강영수,1961-03-20,M
ihyejin@live.com,5#2S0bRXj9,017-272-4634,백은영,1991-05-18,F
hbag@naver.com,%k+EVD@w5p,070-7489-9017,오건우,1996-05-14,M
cunjagim@live.com,(0HC!pbEbP,033-908-4869,이성현,1910-09-28,M
cunjagim@naver.com,&ggy6K(2X!,010-0317-1798,윤영순,1914-05-08,F
jgim@naver.com,7H)MOnEZ%T,043-339-3240,김은지,1961-01-05,F
hyejinjo@nate.com,)LTDUeHlG9,052-492-5774,박영진,1974-05-21,M
ji@live.com,u3$PX5st(o,010-9501-7822,안상훈,2014-03-02,M
yeongjin43@naver.com,C%#3xDqy1x,063-474-4792,김수빈,1924-11-20,F
ganghyeonjun@gmail.com,!(3kJ6uRrs,054-591-3984,유지후,1963-05-24,M
gimminseog@hanmail.net,!pA6V$d#F1,062-366-3450,손성민,1925-06-19,M
jihyeongim@hotmail.com,(P2cD#Qgh5,011-044-1481,유재현,1972-12-31,M
seongsugim@hotmail.com,(eVJIZ91$6,061-191-5775,김정자,1977-09-28,F
sujin03@live.com,!HzABaux(8,02-1465-4705,박준영,1980-10-18,M
bhwang@nate.com,^Ie3+XzKO(,02-9852-2637,차주원,1984-08-10,M
yunminseog@live.com,+lIDf5LdU&,031-640-7726,손준영,1921-04-17,M
gimmijeong@nate.com,%Wpz9iSsER,042-324-8222,황정숙,1965-04-22,F
minseo07@gmail.com,5YDkg3l2&R,051-121-9781,박준혁,1943-06-30,M
hyeonji99@hanmail.net,6%8Siw2ngT,017-396-5156,김동현,1924-03-23,M
cunja02@dreamwiz.com,4nVgg_iT+M,016-873-6353,장예준,1918-03-10,M
hwangsanghun@live.com,_SNbZOepk0,064-764-1559,김영호,1941-12-31,M
yeongsighan@hotmail.com,&SFHSmMj28,042-203-8720,김진우,1913-11-19,M
khwang@hanmail.net,GiTjN)cG@0,053-382-3157,최옥자,1977-04-25,F
hayun94@nate.com,q$2)RaPLFs,061-262-9697,이민재,1984-04-05,M
jiagim@hanmail.net,@7&u0*BsO(,010-7329-0894,김상훈,1922-09-13,M
seoyeonggang@dreamwiz.com,X_+6Bvmuak,011-382-0881,홍은지,1912-03-31,F
areumbag@hotmail.com,!ky6XtdLM3,031-417-5026,임지아,2000-08-24,F
jeongsugim@daum.net,_9r3yKOyFQ,051-786-3319,박성민,1952-01-31,M
yunseo26@dreamwiz.com,$8EQwQ7v$4,017-239-4702,배영철,1916-05-14,M
minseog47@naver.com,@2P*$@VdJ0,019-486-2287,최예원,1949-03-18,F
li@hanmail.net,4m5@XG7g*s,042-550-4527,김상현,2004-12-15,M
ni@hotmail.com,%^a7Dkyzfo,064-760-3688,김서연,1947-06-20,F
ogsuni@gmail.com,$10ZSf_h%@,033-149-0071,박서준,1958-06-21,M
ggim@gmail.com,#U9%iI_m9B,061-257-6479,최진우,1992-12-15,M
yeonghyigim@hanmail.net,@&_8mkycBA,062-080-2940,배예은,2000-07-22,F
junyeonggim@dreamwiz.com,_3SWehRX@Q,018-947-4931,성정식,1988-06-10,M
ryuyeongho@hanmail.net,dn3Hvozq&$,02-3024-8835,이주원,2009-03-08,M
yejinhwang@hotmail.com,u!^d!k7nhH,070-8249-1633,이은영,1918-06-18,F
eunju20@live.com,_eHi4R#m_1,019-332-5226,김영호,1905-08-04,M
shan@nate.com,%(!3LoisQk,044-902-3268,강상호,1920-09-05,M
jihyeon74@gmail.com,(B5JCDkVPV,053-390-6925,박경자,1952-07-31,F
eunseohan@hotmail.com,r!9gDzW5k*,062-069-7791,이경숙,1992-09-10,F
yeongsiggim@live.com,$8PY(hh%54,062-041-1160,최현준,1983-03-17,M
jinugim@hotmail.com,+1EBtVI*kn,016-474-7402,이동현,1933-04-09,M
ijunseo@nate.com,TnSsZ!%W%1,019-881-2667,김성훈,1915-10-03,M
ggim@hanmail.net,+tRLF@US%3,064-784-1972,홍재호,1913-05-11,M
fgim@nate.com,)qSHj3w9j4,016-683-9800,전춘자,2017-07-03,F
seohyeongo@dreamwiz.com,uO)e3nGf^o,051-099-7295,안영길,1963-08-30,M
siui@nate.com,1W)C1OyW67,064-781-4057,최준서,1948-05-05,M
jiweon70@live.com,Y^97FwTMP#,055-562-7071,송영미,1940-11-12,F
tcoe@daum.net,6)r3Yoze7W,055-697-3755,이현우,1918-06-05,M
baegeunyeong@nate.com,7y4HvPIG@_,052-560-2220,김유진,1927-09-06,F
gyeongjagim@hotmail.com,$FQ+1Wdw_b,010-1329-4030,구현주,1917-06-08,F
bbag@hanmail.net,Rp@zGCXu#1,010-4749-8111,이정희,2009-07-22,F
hagwangsu@daum.net,J@28KKaj1!,043-173-4685,박경수,1988-10-27,M
hjang@naver.com,wAy2d3bxA&,062-656-6869,이영호,1982-08-28,M
seoyeongsug@hanmail.net,!))rDNA_w4,019-829-2975,안은서,1987-03-15,F
sgim@live.com,@vvo1Wk9m%,017-714-5360,박병철,1997-04-07,M
sumincoe@nate.com,((8FWrnl2k,02-0773-3796,김성훈,1996-05-09,M
yeonghwano@live.com,Iw$Sv5Ck(N,064-781-7584,정채원,1940-06-10,F
jiyeong93@live.com,^wA8rvO%#0,016-021-8786,박정호,1906-07-13,M
tgweon@hanmail.net,$)66WIUj3m,032-124-8953,고예진,2015-07-01,F
iheo@nate.com,u+8J_KykKO,044-012-8194,이영순,1907-02-08,F
junhyeog05@hanmail.net,+1*E^ul9(A,041-905-2101,이승민,1998-09-24,M
gweonsubin@dreamwiz.com,)XrS#Kx@1w,070-1615-5721,황지후,1928-03-01,M
doyun29@live.com,!&8v@X2e7F,041-760-5191,박정호,1908-08-18,M
igyeongsug@live.com,_RLqhIBW7p,054-652-5521,박유진,1914-11-28,F
doyunan@dreamwiz.com,D!6R$1BrRi,070-9449-1301,김중수,1915-07-26,M
hongjeonghyi@naver.com,+9S_eHEljK,054-316-2316,이준호,2007-07-12,M
gyeongsu21@gmail.com,b3qERUys&P,042-882-0201,이채원,1965-08-17,F
yejini@daum.net,^C+xm2Vkp7,064-723-9003,김성민,1942-07-20,M
jeongunggim@naver.com,e(d8K(fm@6,032-316-7176,이미영,1964-03-29,F
jeonghuni@daum.net,$mB1XNIh2L,061-215-8084,이정순,1958-06-30,F
seongjinhan@hanmail.net,&_*1XesGM*,054-412-9023,김종수,1987-03-31,M
di@hotmail.com,lq(7eGXa^h,016-062-0116,김상현,2012-12-20,M
yeongsuni@hotmail.com,&^7By&vXDR,042-447-5912,엄명숙,1913-01-08,F
seoyeong88@daum.net,q%c4cIqI$!,041-707-9950,최선영,1973-08-05,F
gyeonghyiheo@hotmail.com,6NBSIgLG#Q,041-383-0998,한숙자,1912-10-21,F
gimeunji@live.com,d9R7HS#l+B,061-141-8885,강옥순,1938-11-19,F
ecoe@live.com,cw3Zc4Wt&$,043-295-8714,최경희,1924-09-04,F
coejeongja@hanmail.net,_t4Lzq5kkI,052-489-8011,김수민,1958-08-22,F
jihui@nate.com,zfEV2Lk^+0,017-366-4355,한진우,1991-09-29,M
junyeongbag@nate.com,yW8D9&Jx!7,033-691-8923,박재호,1934-07-25,M
li@live.com,IM9(NCs#y!,062-030-2371,김지우,1923-07-04,F
hongyeongsu@daum.net,6!_O6Co785,043-109-0721,이예진,1921-12-30,F
seongsu86@live.com,Xh8PA(zN9+,042-467-6362,백현주,2004-07-08,F
sumin18@live.com,c0ULGPTc(s,010-9580-6934,김준혁,1931-01-04,M
hgweon@hanmail.net,zV)(b5Sq+o,02-6003-3293,송예진,1943-10-04,F
gimmisug@live.com,YWJU49Dt^+,033-985-8719,김민재,1977-08-09,M
yeongsig19@gmail.com,!3sIPVQg!4,031-463-8625,이성현,1921-09-03,M
minjae67@daum.net,6_S7V(iR)*,044-501-8334,장명숙,1963-11-03,F
jeongsigbaeg@daum.net,wvck2Bt++%,055-767-7300,김지후,1907-03-14,M
yeongho19@live.com,$1jKk^Fue_,052-106-0330,최영길,1943-05-11,M
coeseoyeong@daum.net,TN$1A3#jvI,053-762-4765,유영희,2004-07-20,F
gimhyeonu@hotmail.com,!bE9IwC0*(,041-702-9615,안준호,1958-10-03,M
siu33@live.com,O%j0NgpExC,070-3471-6305,김성수,1957-11-04,M
tson@daum.net,()wh9mAms6,062-244-6834,강혜진,1997-03-03,F
jeonghyihan@dreamwiz.com,*^0MdvH#cu,061-271-0722,백수빈,1974-03-11,F
yeonghyiryu@dreamwiz.com,$qeFTK8Ss3,018-600-6315,이현우,1997-12-03,M
mgweon@gmail.com,8lC#P8mi@P,061-034-1530,박경자,1964-08-25,F
seonyeong98@hanmail.net,+cOekXcc$1,051-387-4210,김영환,1926-12-11,M
minseobag@naver.com,**1iRhvk49,054-908-7699,김옥자,2006-09-05,F
minsu98@hotmail.com,33(w%7JbwC,011-785-4774,임민준,1918-03-24,M
wgim@live.com,d1h0fZel!g,054-829-2997,양정식,1986-06-21,M
yeonghwangim@hotmail.com,+nNR5Xt+^O,033-995-2783,김민수,2017-08-17,M
dgim@live.com,&4gYD^eJOC,033-057-5602,김지연,1952-02-06,F
jihyeon87@nate.com,u^78Zdm8mg,02-4433-1820,김지훈,1947-03-14,M
iseojun@naver.com,RRbPv$q5)6,061-918-1871,김동현,2008-03-29,M
myeongsug57@gmail.com,^uP2PMyckS,063-918-5742,안건우,1946-06-06,M
coeogsun@naver.com,2jOGU+a+%s,044-760-0467,박성수,1906-07-02,M
boram62@hotmail.com,yx$P7At0!8,032-659-8041,황지민,1973-12-29,F
gyeongsuyun@gmail.com,+m0vVAwt8W,041-287-7537,주명자,1994-09-04,F
hyeonu80@naver.com,l#8WsiwpEF,051-254-0412,이정호,1968-11-26,M
eheo@live.com,!a9IwK@vK),064-732-7585,진숙자,1997-01-04,F
gimjeongung@nate.com,)QCs0Yor@C,043-178-5435,김예진,1930-07-25,F
shong@naver.com,#X39Qciz&8,010-1387-4690,하준서,1945-12-08,M
seongsu04@gmail.com,_7UrHSbhuo,033-676-8666,김정호,1997-11-28,M
minjaegim@hotmail.com,%%*nBIi9z6,062-828-8859,박예진,1942-07-28,F
hayunmin@hanmail.net,#bTu6Nmk(y,010-7558-1694,김명자,1919-03-07,F
jiyeongim@hanmail.net,AS3EyH9u9_,031-361-4090,양현주,1961-02-11,F
jiugim@nate.com,41H42u6w!B,063-311-6714,최정남,2011-03-07,M
jihyegim@naver.com,(31ScfnqE0,033-523-0546,허지아,1990-10-13,F
bbag@dreamwiz.com,+V8VuU(ikv,018-739-1099,김서준,1912-11-16,M
eunju51@nate.com,x0yGtZ^p!1,033-707-5509,김준호,1974-04-24,M
yejin26@hanmail.net,k6qKZKaF^7,032-172-1466,김보람,1939-10-03,F
iyeongceol@live.com,U!DvDTmx!7,031-227-4030,한현우,1930-05-20,M
sugjabaeg@daum.net,M3K50QEz%*,055-059-8606,지현지,1915-07-25,F
eungyeong47@live.com,UQ)Nltxe*5,043-160-5457,김광수,1915-07-21,M
jeongjinho@nate.com,Hv$a1Uuqz7,017-716-9682,김지은,1919-09-28,F
iseoyeong@nate.com,dY!5+S5n_+,070-8920-8264,권혜진,2004-05-09,F
songcaeweon@daum.net,#&1doZyUoA,062-109-6726,전경숙,2015-07-06,F
ijihu@dreamwiz.com,Zv+3Qwrk&U,052-567-0702,김예원,1927-08-14,F
gimminjun@live.com,)5r7CI*W2k,054-465-6572,김재호,1983-02-16,M
cunja12@daum.net,&(WogEDfI2,055-206-6685,이경수,1990-10-08,M
jinugim@gmail.com,%KNyU9XuM),054-430-4491,김성진,2019-02-08,M
hgim@dreamwiz.com,O0M6Utni@^,063-967-9990,서서현,1947-09-03,F
yeonghyijeong@naver.com,X!7VFbW94Y,032-781-5452,김정웅,2007-04-15,M
hyeonsugyun@naver.com,i_8^SBfcG*,042-223-9691,김민지,1911-02-05,F
gangseoyeong@naver.com,s5omQx#@&r,017-960-5601,한옥자,1980-03-19,F
ieunju@dreamwiz.com,%03w8Acx8b,042-874-8342,엄은영,1990-09-15,F
gimjunyeong@daum.net,Faij0YQg+_,018-160-6343,윤준혁,2001-02-12,M
jihu28@gmail.com,$6kUOzjK#q,032-564-5680,이정식,1964-11-28,M
mi@daum.net,V(J1OFvbv&,055-929-2288,양예원,1916-10-06,F
fgim@hanmail.net,C3HegVme#3,031-385-6211,박미숙,1944-05-30,F
bagyeongsun@hanmail.net,64fODpit$@,041-366-6529,허미정,1978-10-25,F
ujincoe@nate.com,Zw66Jvm)+1,061-756-4904,김서연,2019-06-04,F
ijiyeon@daum.net,(y0GwgZ%7u,017-060-1195,김성민,1922-07-15,M
lbag@nate.com,EkOmW8Nn&Y,033-629-1873,송광수,1973-09-18,M
fbag@hanmail.net,pEnHy9Tw!$,051-418-2485,김성현,2020-06-15,M
gangyejun@hotmail.com,#l0k7ZPs$8,02-2885-5285,김지아,1987-01-17,F
munjiyeong@hanmail.net,Rv542Tqv#M,070-7366-0270,정승민,1915-10-31,M
minseono@hanmail.net,)$)0Gp&Yi#,032-536-8876,박승현,1909-07-30,M
bagyunseo@nate.com,a$9G_6cZuj,033-723-4354,한성호,1990-01-21,M
sseo@hanmail.net,Dj_V8PlKp^,017-410-9180,문서준,1996-06-09,M
gimsanghyeon@live.com,#u2MkjDg&3,055-528-7418,김지혜,1922-09-02,F
migyeongbag@daum.net,K!p^3LfeZ%,041-323-8979,김춘자,2007-06-28,F
qi@dreamwiz.com,OnWl3oMH)6,011-546-4242,박영진,1922-12-28,M
coeseonghyeon@dreamwiz.com,x2tSb2ov#j,019-214-2833,이영숙,2002-07-11,F
gangsumin@daum.net,(87fCeul^_,016-667-5572,권준혁,1941-11-23,M
sbag@naver.com,thm4KfqcR),054-952-8166,성진호,1961-03-21,M
yeji70@hanmail.net,XVK0GL3z+A,031-647-2373,유현주,1986-04-09,F
gimjeongsig@live.com,8xjFoQYp$X,017-728-8936,최영숙,1985-06-26,F
eungyeong22@hanmail.net,za6EGx7S+*,053-055-7852,최진호,1979-01-10,M
suminjeong@nate.com,MH7LEAa^(P,051-797-1740,윤영자,2021-01-15,F
tryu@live.com,B8D0W6OL!b,061-136-5836,김지영,1933-12-19,F
jeongsu43@hanmail.net,&7GU#TnUaI,018-117-0099,고유진,1998-06-20,F
bbag@nate.com,&XGWExi8%0,051-760-5502,김영철,1961-06-30,M
junhyeog22@hanmail.net,S1J1KUe&T$,011-344-9201,윤종수,1994-08-29,M
gimhyeonjeong@hanmail.net,tl6*C56@7%,019-275-2332,권상훈,1931-05-10,M
ugim@hotmail.com,&SN0Da&3E0,055-636-9529,김상철,1906-10-06,M
jiweon51@gmail.com,(V90mRc9e7,044-953-5138,이은경,1949-02-27,F
gimhyeonjun@live.com,Eh#Flj5F(2,042-056-7067,이영길,1969-06-25,M
vo@hotmail.com,%hgs2WyKh6,054-445-9265,김미정,1940-03-09,F
bagsanghun@gmail.com,a%%6BGWehb,019-859-9029,권민준,1970-10-20,M
ison@hanmail.net,%9CGVdY7r1,018-616-1203,김영길,1931-05-12,M
pi@nate.com,M@bO3Bfx7I,064-752-0018,김지민,1953-02-21,F
yeongmisong@dreamwiz.com,s*5G2d7Wvb,054-377-7966,윤수민,1994-11-07,F
sanghyeon99@live.com,Fb1P$Zan_7,031-527-4443,전영자,1978-12-28,F
rgim@hanmail.net,5)1hIs9p_j,062-768-6854,이지영,1955-03-07,F
yeji22@dreamwiz.com,6stL#1VH%u,043-741-3855,윤영진,1937-05-16,M
hyeonjeongca@dreamwiz.com,M@X0bRsExA,016-399-0280,최성훈,2019-02-09,M
ogsunyun@naver.com,_9c4KhnCNj,016-520-8245,이보람,1930-05-02,F
jiweonan@naver.com,^aFXSDGGx1,052-739-0333,이서윤,1941-04-30,F
ogja87@hotmail.com,$9GmSPKl_6,055-292-4437,류예원,1972-05-03,F
qgim@hanmail.net,m4eBTo#3#t,019-006-0036,박정식,1930-02-16,M
yejini@hotmail.com,w7i_Ecbm*2,062-756-2830,김지영,1959-04-26,F
sumin24@dreamwiz.com,#JXpXHcAa0,018-347-0827,진경숙,1926-07-22,F
eomhayun@naver.com,79^NERoT!f,054-941-0816,김옥순,1958-12-04,F
ijaeho@gmail.com,USlkAr6v(8,061-715-6864,백영일,2004-08-03,M
yeongsugim@daum.net,@2SgLg^8ld,044-332-0969,조지민,1989-11-19,F
seonghyeon23@daum.net,$0FEUCfJ9e,054-017-2972,최영수,1963-05-03,M
gimgwangsu@gmail.com,!x^o2gQoV!,017-833-1046,이성훈,2003-12-23,M
myeongsug62@daum.net,a#i3R3noS$,055-993-6412,양하은,1997-08-21,F
lmun@live.com,g%Pz7Edz4z,064-769-6283,황정남,1946-10-15,M
ryujunho@gmail.com,@G^bIrWhF0,031-073-6864,김중수,1947-01-18,M
nbag@nate.com,&+wJRLcnT2,052-784-0949,구경숙,1905-10-22,F
yeonghwangim@live.com,M6Y7ikpx+s,019-736-5522,우민준,1914-10-26,M
isong@live.com,+87JnymtxP,061-845-9098,김도현,1935-08-11,M
sbag@live.com,%5xtkHgW^&,011-775-2552,김은영,1929-11-27,F
jojiu@hotmail.com,)fN2v(ax92,041-945-5773,이예준,1992-11-24,M
yju@dreamwiz.com,iFS)hNhw%4,032-715-9956,송도현,1961-02-07,M
hayun49@hotmail.com,F^0PndZid(,02-6707-7005,이도윤,1979-03-24,M
ujingim@live.com,&4K2D7s8yi,019-589-0642,백현정,1936-05-14,F
hi@gmail.com,#2H$nFk(E0,043-168-8709,이성호,1956-02-10,M
minsu26@daum.net,wK+^bYSk_9,063-632-1793,한상훈,1935-01-19,M
oseoyeon@daum.net,_&3QUVjOTR,070-7365-1917,최지연,1922-11-11,F
gangdonghyeon@daum.net,+2C_uur6lm,070-9501-1357,홍정웅,1987-02-01,M
jeongsun14@gmail.com,*dK4pCaP1D,052-987-0687,김채원,1977-05-05,F
sangceoleom@hotmail.com,Cx0$t7Sjxc,061-994-1247,김준호,1973-11-27,M
migyeong00@hotmail.com,f(5gss%xBE,02-4024-3173,최하윤,1906-07-27,F
seojungu@daum.net,pgas6Dt3K+,053-510-6460,김춘자,1948-09-14,F
bna@hotmail.com,r4$(aTsi*L,010-4158-9796,이승민,1922-03-24,M
gyeongjagim@gmail.com,0dvW6Kaw@9,016-377-2230,김옥자,1918-07-11,F
can@gmail.com,R4&K8Wp+*I,055-627-4610,이영환,2006-08-14,M
yujungsu@dreamwiz.com,X7b#MMuq$),063-926-7568,김승민,1997-07-14,M
eunjeongbag@daum.net,%6)WC1VfPw,019-245-8104,양재호,1948-12-13,M
hyeonji06@hotmail.com,$^GFmCbz!7,02-9294-2672,안민지,1963-05-16,F
dohyeon35@live.com,q8z)Pnx#+p,051-447-0045,오숙자,1991-05-29,F
iyeongceol@gmail.com,liZtUF9(+5,061-356-7321,김동현,1911-01-23,M
gyeongsug81@live.com,65oB9Nv@!i,010-5038-9053,한은정,1956-08-19,F
kgim@live.com,%v@LdQaj+2,061-636-0252,이동현,1982-11-02,M
seongmingim@daum.net,uSh6Xy8cR#,032-380-4900,성영호,1947-03-08,M
seohyeon42@daum.net,mQ0vP*yT^4,064-722-8409,문미정,1919-03-18,F
hbag@hanmail.net,*7NihIGcZj,017-242-2174,배현우,1910-11-03,M
ybag@hanmail.net,I&C3Raf*9),011-487-2325,신수빈,1960-03-09,F
ahwang@dreamwiz.com,CH+3WycMk(,070-6651-2748,박건우,1997-06-17,M
uhan@daum.net,*&ar4K*lii,063-821-7554,진순옥,2015-08-06,F
jongsu82@nate.com,+f4oJMbm1@,016-268-1016,이미정,1971-06-14,F
heoyeweon@live.com,y30ZrOilM!,011-405-7825,김민지,1949-09-09,F
yejinmun@naver.com,$3M97iQczg,064-797-5031,성영일,1941-05-19,M
juweongim@gmail.com,)tU50&Cg*j,061-090-2715,김영일,1947-05-01,M
ijeongsu@naver.com,#B7Chlwf3c,031-489-7944,김지연,1909-12-27,F
bagsugja@naver.com,7mD!XDa!!5,044-141-9512,김정웅,1985-05-12,M
jungsu32@hotmail.com,1wTK)4#*+o,064-798-4350,윤정수,1913-06-21,M
gimjieun@live.com,04@BRLpz@5,016-382-5119,이민수,1929-05-21,M
anminseog@gmail.com,_9lVZMCQ%r,010-4821-7686,박재현,1958-09-06,M
gu@hotmail.com,@R4SePjuB@,018-792-6208,박현정,1918-07-11,F
soneunjeong@hanmail.net,E$2_AjSFwp,064-723-8445,이서현,1959-03-19,F
jimin06@dreamwiz.com,^!2dLiUq*@,016-331-6164,장지연,1947-03-04,F
isangceol@live.com,X*9C$$Bj!1,062-924-9182,김옥순,1994-04-27,F
wi@gmail.com,ew7j1YXc**,016-026-2696,박혜진,1966-02-28,F
qjang@hanmail.net,QK4DD1rkR*,033-752-6230,권상철,1911-07-25,M
sanghyeongim@hotmail.com,#ALns#S#f8,062-922-0152,홍지후,1925-10-19,M
jihu66@live.com,##1T)3Fi7n,032-259-3790,이윤서,1971-05-12,F
jihyeon13@nate.com,0XVBy%#q(n,070-0378-0690,하순자,1921-12-01,F
areumgim@hanmail.net,^8vaLa^x5H,055-176-2911,김현준,2006-02-25,M
lgang@naver.com,*6IRc@Vbt0,010-9857-7948,이은주,1952-07-18,F
qyun@live.com,!4WtNp9@L6,042-754-5639,문영수,1997-04-22,M
yeeun00@dreamwiz.com,F28u+TcO_#,010-7979-5690,권정식,1963-01-21,M
minjunhyeog@dreamwiz.com,2oANM)80*c,043-286-8703,김준서,1970-12-16,M
jinho70@hanmail.net,*%8(Bpuzh),011-199-3299,우성수,1987-05-10,M
yeji42@live.com,@xi!5mIAo5,019-688-8642,김민지,1928-09-29,F
sunog02@live.com,k)38$Bg%wb,063-762-9614,강정남,1984-03-25,M
eunji37@naver.com,9+ZL4pt3FO,033-946-0628,구영진,1951-08-17,M
yeongceol64@daum.net,fr8%Ki(y&q,062-172-4982,차춘자,1953-12-09,F
eunyeongi@live.com,P7m_M7le+P,042-045-2451,이민서,1993-11-16,F
hyeonji39@naver.com,*1tWI#nv&(,019-943-0344,이현우,2018-11-10,M
rno@naver.com,g2PPVznx)0,018-465-3626,김경자,1936-10-02,F
minseo37@nate.com,*O#7!mQmpf,033-614-8333,이채원,2011-07-08,F
yeweon68@dreamwiz.com,&2Qo%Pym&7,010-5527-2751,김보람,1929-10-21,F
gimgyeongja@hanmail.net,%Q08PbbBD_,055-234-2043,홍수빈,1968-02-01,F
qgim@hanmail.net,(MC51UTmNQ,055-532-6806,황현지,2000-07-02,F
bagjihu@daum.net,McRCUlcE^8,053-768-4244,김건우,2007-06-03,M
najeonghyi@dreamwiz.com,4U#XTcje*7,033-220-3273,민영식,1930-07-27,M
zi@live.com,#6KJSX1enn,055-621-0066,이예준,2008-06-26,M
myeongsug85@daum.net,^X1A&8gxS8,053-686-2975,김승민,1914-06-17,M
jiyeonbag@live.com,T6r3EVzo*M,043-943-3426,이하윤,1957-04-12,F
ujinbag@hanmail.net,!FFYY0Fo1D,041-640-7719,김종수,1987-03-01,M
yeongmimun@hanmail.net,Nnd1Yve%v(,011-002-5299,황민서,1908-03-03,F
jiweongim@nate.com,6r0XaqQBJ(,062-636-7705,이윤서,1924-08-07,F
isujin@dreamwiz.com,Y%5cdRyVq+,031-561-1558,김지민,1980-01-19,F
ryugyeongja@dreamwiz.com,@AveE@gf84,051-285-3130,이상호,2004-05-01,M
sangceoli@gmail.com,Z9ggYLeh*f,051-743-5976,한지연,1965-10-02,F
miyeong36@gmail.com,6RhrKXvn@C,043-087-2085,김승민,2020-04-03,M
yeji57@nate.com,35wHoCxb@7,019-473-3016,김준혁,1969-06-24,M
hanjungsu@live.com,!bMri&sY68,011-894-8562,윤경자,1968-01-20,F
mhan@gmail.com,3RafUp%g&(,070-2601-2782,손영미,1955-08-21,F
jimin83@live.com,%!H^fFqih4,055-321-9163,박상훈,1986-08-22,M
jeongminjun@live.com,N1Bgs)WJ)1,018-369-0441,이영수,1955-11-01,M
myeongsug87@gmail.com,$eJ8O6LqZF,055-020-7417,최지원,1940-10-11,F
ugim@live.com,F_d0ShA&#*,010-0205-0615,윤현준,1936-01-23,M
sunja52@nate.com,C3SwFGju@v,02-5054-0148,김종수,2005-02-07,M
yeongsigbag@gmail.com,U$1Y#pt^)a,055-668-5705,김서윤,1965-04-10,F
jgim@hotmail.com,7IPV8kDe*N,062-607-0316,고채원,1994-10-01,F
qim@daum.net,#cn14Of9wf,033-178-5590,이상호,1968-04-27,M
seonghyeonyun@hotmail.com,2snXZRrM(R,062-729-0880,한숙자,2005-07-11,F
hwanggyeongsug@hanmail.net,$kYPe8g(2S,02-5742-9545,김상호,1936-02-12,M
sujin75@dreamwiz.com,+3sQYyM5gg,042-463-8206,윤지아,1971-08-20,F
gwagseongmin@daum.net,&G4GYcnrtT,032-966-0159,김민서,1923-03-22,F
jeongnam14@hanmail.net,KDGHoeQW(9,043-126-4809,안재호,1974-09-05,M
jaeho18@live.com,Z3zKIlMP*v,031-168-2828,이정훈,1911-05-18,M
jangjihye@hotmail.com,*NgVzERt2&,033-547-3108,신성진,1981-03-17,M
jeonghobag@hanmail.net,%ZVZfKgg4i,062-996-7914,김지훈,1994-06-03,M
gangyeeun@hotmail.com,#sskNA@$5n,019-806-3415,이지우,1921-10-13,F
gimhyejin@daum.net,lH9M9IDw+d,043-580-3771,김상호,1934-06-06,M
iyeonghwan@gmail.com,*oD!*HzM8f,019-538-2437,오성수,1908-04-01,M
seonyeonghan@hotmail.com,%xXZ!GCjq1,055-316-1305,김지후,1915-02-12,M
yeongja67@hanmail.net,)iTn50xx7Q,052-736-3692,김아름,1906-08-24,F
seonghun52@hotmail.com,m0DbyKMQ**,055-299-8681,김옥순,1937-04-23,F
gimjaehyeon@naver.com,X+25ScwA@O,054-586-3519,황영일,1916-09-23,M
hyeonjeong56@daum.net,5#xRt3bwgV,061-359-1612,안성호,1965-01-06,M
egim@daum.net,%HYID&pEq6,051-222-4429,백민수,2017-12-04,M
sanghyeongim@gmail.com,)lpj7Hqq&&,063-774-1492,이영길,1910-12-30,M
haeun36@hotmail.com,a7#@O2Bk&e,033-024-5661,김영희,1928-01-29,F
ijongsu@hotmail.com,N7#4D!Gj1y,064-756-6858,류영희,1965-02-01,F
nan@daum.net,Z15H(nE1!e,018-737-7345,강지훈,1976-09-27,M
junseocoe@gmail.com,%2oEKJ8f94,062-319-5484,김민준,2005-05-23,M
jeongho57@hotmail.com,$lDKu3pH6&,054-850-1379,이영일,1920-03-29,M
gyeongjabag@nate.com,!nR2PYlL&v,055-111-2492,서도현,1989-12-12,M
gyeongjacoe@gmail.com,QT8G6BXmw&,051-186-9068,장유진,1927-03-12,F
tbag@hotmail.com,QJw0MOAj^#,02-1074-7185,김진우,1944-04-14,M
minjaecoe@gmail.com,r(e9EWHj!p,011-399-6603,김윤서,1977-07-12,F
minseogcoe@hotmail.com,l82HQti_)k,061-270-7563,최영진,2015-05-15,M
sinyeongsun@hotmail.com,u7xXf$hy((,011-871-3547,박채원,1967-05-05,F
minsu63@dreamwiz.com,_ILT$KbOu5,053-294-5789,김도윤,1974-03-23,M
miyeong71@hotmail.com,gFDvBGs_+8,042-975-6920,강민수,1974-03-29,M
caeungyeong@hanmail.net,(2NOU8$yDc,011-738-8755,박중수,1999-03-18,M
gyeongja90@naver.com,%5bM&#jbvf,043-021-1422,이현우,2010-12-05,M
xsin@dreamwiz.com,USRPgl^M%5,044-620-9532,김은지,1955-09-05,F
hyeonjeongi@live.com,)3Na8AAsgx,070-7634-5185,이정희,1969-11-12,F
eomyejin@daum.net,y!^1VL5sdc,061-798-9229,김유진,1910-12-31,F
gyeongsuggweon@hanmail.net,_fp6xY#d(7,017-997-3279,김종수,1944-02-20,M
hyun@nate.com,ct8CTecS$m,070-7500-6699,박예원,1911-07-03,F
gweonyeongjin@nate.com,$0E#uuJ9Ek,055-516-7211,이은서,2007-06-10,F
jgim@naver.com,+*1MA7LizL,018-853-2918,안경숙,1987-09-08,F
jeongsig40@hanmail.net,_k$J$c_Kt2,011-997-7077,김정웅,1941-05-19,M
seojun41@dreamwiz.com,j#@6VHfxJM,017-224-5043,안혜진,1973-07-10,F
ygim@hotmail.com,u_M(0mKyJR,054-045-5288,김민서,1923-07-31,F
junseo67@naver.com,c0_9Y7g1BG,042-379-2898,김춘자,1958-09-22,F
dgim@dreamwiz.com,9ZLKvIJ(&N,010-1986-8678,박영수,1942-12-13,M
sujini@naver.com,B)7AnwX9hE,064-798-0298,이아름,1979-07-09,F
jiui@dreamwiz.com,+4h9@GamwX,031-156-4518,박예진,1914-10-06,F
vseo@hotmail.com,GOkWul4k@9,010-3624-7139,성은영,1988-07-27,F
ti@daum.net,aY%5HxyyWc,055-704-0868,안서준,1964-10-22,M
bagjeongsig@naver.com,m8e5W4y_n_,070-0218-1002,신현지,1911-09-01,F
jeongsungim@gmail.com,3FdGZl^a$9,011-006-1942,김영수,1956-12-05,M
yangsiu@gmail.com,ih%1A7xE@g,011-076-2278,김현주,2007-07-25,F
ano@daum.net,d5vsZrjc(6,033-462-0894,최지은,1937-10-31,F
sujinbag@naver.com,$DQvOlR7J1,064-739-2372,김순자,1930-10-22,F
yeeun91@dreamwiz.com,At7Fucg)j%,018-369-7909,이예준,1928-11-05,M
jeongsig31@nate.com,H@DES13p^1,041-902-1147,한민석,1955-05-16,M
munjungsu@daum.net,!*mg8Civc%,011-157-8893,진중수,1937-10-06,M
iseungmin@gmail.com,6H^K8EYb$u,052-660-4084,한종수,1943-09-11,M
ohyeonjeong@nate.com,%q8CMrO966,02-6485-3782,최상호,1947-10-20,M
imyeongja@daum.net,%9c#PnGwgw,051-067-4347,김도윤,1930-09-21,M
yunjiweon@dreamwiz.com,WE1AajWhO*,032-752-9691,박영환,2018-04-06,M
sanghunbaeg@naver.com,z_X8LpK*@a,033-750-4954,김현숙,1976-10-17,F
jeonghyi62@daum.net,h91$7gCapo,054-993-7588,하정순,1942-12-17,F
qbag@hanmail.net,(@l5HlX*4l,042-255-8206,박승현,1980-12-23,M
jeonghun27@gmail.com,I33sF_Wn#l,043-456-1509,김수빈,2018-07-11,F
hongjia@daum.net,$zSKlVG1W%,018-959-7447,김병철,1990-04-01,M
seongsu42@dreamwiz.com,C5C0nrBv@&,061-298-7791,손아름,1952-11-11,F
cgo@hotmail.com,9ZxXQmkz%7,064-741-1427,황민서,2003-09-20,F
junyeongseong@gmail.com,JqAiiOt9!0,052-081-3432,이영길,2002-10-12,M
gyeongsuha@daum.net,4w6GhrA7_!,053-902-4481,김영환,2014-08-16,M
xcoe@naver.com,)A1VyotsC),053-681-8559,이경숙,2018-01-28,F
siuseong@dreamwiz.com,^c$2Vjuw#p,033-251-6912,황경수,2017-06-16,M
jeongho75@hanmail.net,i6OWQ)NH^_,041-545-6939,김순옥,1927-01-21,F
jgang@gmail.com,bnQnTPQz@3,017-293-8914,하영순,1930-08-25,F
sugjai@dreamwiz.com,&4BxDua$EM,018-327-4532,나영철,1966-02-09,M
xgim@gmail.com,43mGUXUs(s,062-259-7882,주승민,1961-03-16,M
hbag@hanmail.net,Z_4VtrDcUA,033-530-4535,김정호,1952-05-27,M
jangjiweon@dreamwiz.com,Ui8BhjtU+6,031-788-5640,곽은지,1962-04-20,F
hyeonju26@gmail.com,z8pYKuvb+4,061-445-4777,김영자,1997-05-07,F
minjigo@nate.com,E03_3uNfW!,019-127-2249,김수빈,1940-03-10,F
hanjia@nate.com,_b8ojHjr89,052-396-0154,박시우,2012-08-21,M
lseo@nate.com,jy6KL@a5%$,062-326-8300,차지우,1942-05-17,F
doyun32@naver.com,p7ZHrcZ&_6,042-331-8699,박정훈,1941-11-03,M
go@gmail.com,Ns&b9YYmOB,019-216-5762,서성훈,1977-06-20,M
seonghun26@nate.com,fL3)Asbe#F,02-5390-9732,김건우,1945-08-25,M
jungsugim@gmail.com,Y+M*Y@1j%5,063-860-5725,허서현,1997-07-16,F
rmun@hanmail.net,0$597NSqZ#,064-746-6973,이예진,1919-09-28,F
songmiyeong@gmail.com,8f$0^UMk!6,032-880-0038,문건우,1978-02-10,M
gyeonghyigwag@hotmail.com,@VNh2V0pE&,053-835-0482,강광수,1972-08-18,M
yeeun13@nate.com,et+5Z3Hn@@,052-805-7954,김명자,2019-10-24,F
jeonghyiryu@hotmail.com,*n$y1dJkUr,054-650-0631,박예지,2019-08-15,F
cunjajang@hotmail.com,@@s4IAsk4u,053-043-9308,김미숙,2020-09-17,F
jihui@hanmail.net,VNEK6aKt)(,02-8011-0137,이성현,2008-05-05,M
areumi@dreamwiz.com,69RYI_Sa&6,053-709-0634,강영식,1908-05-19,M
munjiyeon@gmail.com,D(z3YfEmcM,032-637-5998,이예원,1950-04-03,F
jeongnam52@gmail.com,&18PSb&b2+,043-552-9353,김진호,1921-08-07,M
gyeongsug40@naver.com,+LPiVVv_j0,031-604-4891,이순옥,1910-06-23,F
ieunyeong@gmail.com,s2ZKcYu6*B,052-361-6374,이영미,1924-06-13,F
hgim@naver.com,!4GeC&gb_h,062-056-8909,이승현,1962-01-22,M
jaehyeonhan@hanmail.net,6OYo2nyA$9,031-389-1383,박하윤,1998-10-23,F
ijihye@dreamwiz.com,9lZuRQz9(6,053-126-9015,서영진,1971-09-15,M
egim@naver.com,^(8FkEGn+I,063-445-0574,김종수,2009-08-17,M
cgang@gmail.com,J%WR3NfbwA,062-336-2343,김지영,1915-09-14,F
ci@hotmail.com,b7yNWpn2&8,051-898-6264,이명숙,2013-02-21,F
jihubag@dreamwiz.com,+jBjKbxi)6,053-796-3464,김영자,1940-09-08,F
seonghyeon91@hanmail.net,%9CwZj*wJ(,052-344-0595,이우진,1973-11-14,M
sugja57@hanmail.net,+5gYYe^uVi,070-4687-0215,백서준,1963-10-15,M
iseoyeong@hotmail.com,jvRjQH1B^5,041-056-1356,김선영,2005-09-02,F
sangceol15@live.com,&24YArmt6x,062-510-7930,이상현,2017-12-24,M
qgim@naver.com,*1G&fdhRnY,010-1366-5689,김정숙,1977-06-03,F
gimyeongsun@daum.net,7xO2F1x_^w,053-110-2267,구옥자,1941-07-16,F
doyuni@dreamwiz.com,b4$7TrMM4+,042-911-2259,김영식,1983-08-07,M
yejinjo@hotmail.com,$cAWJ6s@19,063-247-9570,최상철,1984-03-17,M
mgim@hanmail.net,a3M1Thsj^I,063-918-4014,장정자,1988-03-20,F
yeongmibag@hanmail.net,@vtM3IAm5f,018-164-8443,남경희,1922-06-17,F
kjang@hotmail.com,Gw#V2NWsTv,043-771-1445,권지민,1952-08-15,F
iyeonghyi@hotmail.com,GmeNIgA5y*,018-562-0701,김성훈,1951-04-13,M
sgim@hotmail.com,@67!HUHkp8,011-000-5421,이종수,1992-05-08,M
ngim@nate.com,PSW9Soe+x&,055-987-6105,최은서,2000-08-01,F
jungsu64@dreamwiz.com,(w8VDstlCt,032-960-7935,김성진,1976-09-03,M
gimjihun@naver.com,9%QdG9VuEQ,044-558-7853,손병철,1995-05-15,M
cseo@gmail.com,J0Y$QRvQ@C,02-7129-5806,유준영,1952-02-21,M
jeongungjin@daum.net,4!p0NKj19g,043-663-8718,김춘자,1963-07-26,F
seohyeon91@gmail.com,%)se8E^hm_,043-107-2529,김현지,1986-05-01,F
qgim@live.com,&_C5UqwBHP,062-475-0566,김준영,1930-01-18,M
coegyeonghyi@live.com,$P56rZ%md5,043-243-8315,김준영,1918-01-17,M
gimjia@hanmail.net,a#_A2SNsv#,032-552-5918,박경수,1944-08-07,M
jiui@hotmail.com,D73QgOoG*d,043-018-1309,고미정,1925-07-18,F
jeongsu08@nate.com,+Ch!CUfW08,043-186-5834,양아름,2003-02-24,F
zbae@naver.com,T#wJ8BAgAh,042-247-0004,이미영,1972-10-01,F
ibag@hanmail.net,#A%X9*pwj0,063-657-2246,이현숙,1972-06-26,F
djang@nate.com,9mbWRZUi*C,063-186-1012,고정수,1947-12-08,M
ujeong@nate.com,2rmETzv#_$,031-706-3500,허윤서,1980-05-28,F
jeongho18@naver.com,8wv*X(uh$M,017-460-5844,최준혁,2008-12-18,M
kyu@live.com,y!b%3NdG&A,042-154-5636,강병철,1929-02-26,M
jinhoryu@gmail.com,fe(6M5euHc,061-797-0051,김현주,2012-01-24,F
ki@nate.com,ehKZLtbG%4,016-949-2183,주민준,1948-06-08,M
yeongsug26@nate.com,vaV49WnC7&,018-507-0070,손선영,1969-10-22,F
noeunji@live.com,)9M0yzvP&6,055-913-1229,이채원,2001-10-09,F
ngang@daum.net,cW%g0zMxQ&,063-686-7052,김영일,1968-08-07,M
sanghun14@hotmail.com,7@0XXETxzC,043-907-3666,권정남,1990-07-16,M
seonghogim@hotmail.com,#9MZo_Kbnu,041-514-0129,백중수,1992-12-25,M
jinminseog@hanmail.net,Jw5rDBK3V%,018-757-3138,최도현,2017-09-14,M
hyeonu63@nate.com,Uy3PVngJH+,011-450-8622,김경수,2019-07-27,M
gsong@daum.net,r5u7A8+sm),031-213-5460,황혜진,1918-11-08,F
siu73@hotmail.com,Vg+bx8GzxV,051-977-9421,문유진,1917-02-11,F
juweon39@hanmail.net,7q3*Gfrg)b,052-298-8729,김도윤,1972-09-02,M
idohyeon@daum.net,zqAL$vOo&9,053-275-1676,서옥자,1989-03-20,F
jihyeonyun@hanmail.net,p3XnM4RZ_C,043-436-6010,안종수,1907-01-11,M
yeonggil88@gmail.com,$!!CJ5Ym^K,061-142-2008,박경숙,1987-08-10,F
lgim@hanmail.net,**mP)*ny0o,053-562-5982,성명자,1930-05-04,F
bagjeongja@daum.net,$4OD4dCg_S,032-090-3378,문혜진,1977-12-26,F
jeongnammun@daum.net,!EA5wq@OV0,053-914-3864,권영수,1933-08-01,M
seojunno@dreamwiz.com,@6o7MsGi2O,044-982-6183,박민서,1918-05-21,F
jaeho02@hanmail.net,+0ci2ABoR$,064-775-1283,김영철,2010-08-17,M
jgim@hanmail.net,BjFc)0HmNk,063-783-0331,이예준,1931-02-25,M
gimyunseo@nate.com,%9PwSL&Ze6,017-652-4737,김현지,2007-06-17,F
jihugim@dreamwiz.com,_4V!^#yhB7,018-357-5718,김춘자,1986-09-24,F
yeongja22@daum.net,RVRX)fd@(2,055-316-9979,김하은,1929-08-12,F
hyejin33@naver.com,A852aJm_o+,043-655-0084,김혜진,1954-11-23,F
dohyeon83@hotmail.com,@5Q+eQ!s74,041-513-3020,최예준,1942-04-23,M
lhong@hotmail.com,PYX3(BtqM#,019-694-9918,박지훈,2010-01-11,M
jihye53@daum.net,X8EkB3P%&p,044-703-8377,최도현,1930-07-13,M
ijihu@hanmail.net,VVL9TP)nV+,063-274-1734,김경숙,2002-10-01,F
nojeonghyi@hanmail.net,F0*KI6i_)3,011-898-6438,김정훈,2013-10-27,M
namgwangsu@hotmail.com,5qb33N^d$e,032-820-7630,김은정,1984-11-17,F
sumini@nate.com,lA5g6WueT),070-7714-7496,윤정수,1978-12-23,M
junyeong58@hanmail.net,#F&n4Th2N#,033-701-0847,양순자,1983-07-23,F
tcoe@gmail.com,@7B2WiHm71,016-271-0012,박정희,1940-09-12,F
ygim@hotmail.com,MDR22VOu*U,031-347-5724,성승현,1980-09-27,M
bagseonghyeon@hanmail.net,6MQBFH#o#6,010-0875-0333,김미경,1933-02-28,F
sanghyeon47@hanmail.net,@24HwLo2Zw,018-558-3018,안성호,2014-12-15,M
jaehogim@gmail.com,@m6Lu9ufaO,044-951-5667,장지연,1906-04-28,F
yeonggili@nate.com,$#7dHxr^@2,019-173-9937,김도현,1988-09-27,M
jangsanghun@live.com,IJ9xDwQw*(,010-6201-9713,이정희,1978-09-28,F
gojunhyeog@gmail.com,4&4F+0ts@*,053-516-3683,이영식,1908-02-17,M
coeyeongsig@live.com,*k78Fw73(O,062-366-4669,한민수,1969-11-07,M
donghyeongim@dreamwiz.com,d2un6Cgs*g,016-984-7894,홍성민,1941-01-11,M
yunyeji@dreamwiz.com,3$A0EH5o#@,054-449-6253,구예지,1960-06-21,F
eunyeonghwang@daum.net,Z$x8sVOhU6,041-653-2258,김서윤,1923-06-08,F
mgim@naver.com,UV$nSeLf$9,019-126-7151,양명숙,1952-09-03,F
seoyun97@daum.net,#0@NFtSeF1,019-499-5126,이지훈,2010-11-03,M
yeongmi67@naver.com,(TFMown@5!,051-952-3708,김준호,1998-05-24,M
hyeonjun38@dreamwiz.com,9V1X8haX*@,052-655-4386,최은영,2020-08-11,F
gimjaehyeon@gmail.com,Kp8Po$QjM%,064-741-4770,고승현,1926-11-18,M
gangcunja@gmail.com,s3K^1Adn@3,061-954-8222,이미정,2004-06-25,F
isanghun@dreamwiz.com,a77I5Ee0S$,070-9705-3021,김지영,1942-08-18,F
igyeongsug@gmail.com,(Q3m4Vse4d,062-643-3884,송서연,1986-05-23,F
eunjeong82@daum.net,48mHLms*+c,033-123-4262,안정숙,1908-10-12,F
namyujin@daum.net,l8Rdu7xT@C,051-274-8513,이순자,1911-09-01,F
seosumin@gmail.com,f@6YP!(r68,010-3980-8633,김정훈,1996-12-30,M
ijihu@hanmail.net,2*g^36mRLI,041-957-3662,김지훈,1979-08-10,M
qgim@nate.com,9dv@_9ZaCK,019-773-2676,박영희,1964-02-23,F
angeonu@live.com,%WAcpXGgt9,011-947-0861,장성현,2000-09-19,M
junseoi@hotmail.com,%LnpGGGd72,02-9848-9320,남상훈,1907-10-01,M
ogsungweon@daum.net,8i9lA$gPA$,063-665-9531,김지현,1947-05-31,F
minji09@daum.net,Ap@5QpgQo3,010-3757-1048,김정웅,2012-07-07,M
pbag@gmail.com,J!&^w7ZbvX,02-1273-0143,한재호,1943-05-03,M
eunju49@live.com,elWP%rcp^4,016-990-9312,이정훈,1966-06-26,M
baghaeun@nate.com,ArDTtDUU%2,053-439-1509,구상철,1920-01-30,M
myeongsug83@hotmail.com,*07XezL@iH,062-246-0568,김시우,2019-07-17,M
jongsu68@naver.com,E%0$%DkV)u,031-169-3032,홍준호,2014-12-14,M
ihyeonsug@gmail.com,#_8nPw1l2G,061-017-0640,김병철,1977-10-17,M
gimcaeweon@nate.com,(8Cfz+*Nfh,070-2497-7802,김도현,1941-01-19,M
ljo@hotmail.com,+2ZIQ8+d^H,011-693-0181,박진호,1947-02-12,M
gimyeongceol@live.com,v*&s5XAa5a,054-658-4624,양경희,1957-03-23,F
ogjabag@gmail.com,F)^$1NNi1S,032-392-7217,강은정,1966-04-11,F
hwangjaehyeon@daum.net,#fa9QTUxm^,032-811-6900,이중수,2003-12-28,M
hyeonjun24@nate.com,&!&3YovJph,032-920-0197,남경수,1992-05-27,M
rbag@live.com,v#9pUrTnU%,016-428-9560,권진우,1978-12-02,M
jeongung27@hanmail.net,QIs)!2Wu%G,043-664-9127,장지영,1968-02-19,F
gimyeonghwan@dreamwiz.com,)ez31Wr5$F,053-152-1283,박정웅,1990-04-14,M
seongyeongil@dreamwiz.com,8PWeWgW1!5,062-413-8341,윤선영,1988-11-26,F
hwangjihye@nate.com,+O6OzV%eFW,018-764-4914,강현주,1956-01-30,F
sgu@hanmail.net,SD+7Zbk0_R,053-669-0322,송숙자,2012-07-18,F
seunghyeon34@hanmail.net,!w7Ff6hTEg,043-342-7437,권성현,1940-02-08,M
jeongnamsong@hanmail.net,uCTPHibr*6,016-267-3624,김영철,1956-07-17,M
vgim@gmail.com,hd2)7M$z70,063-997-8976,김은주,1962-01-27,F
cunja12@dreamwiz.com,FcM)T3Ll#b,051-054-9265,김서연,1946-04-25,F
si@daum.net,gJ3Xf2Uy$k,017-116-5540,하정웅,1996-01-31,M
useo@naver.com,^4LHpE1ako,019-333-9690,윤상철,1947-05-24,M
tgim@dreamwiz.com,A3nmXc^v_9,018-302-3900,한지은,1931-08-09,F
seunghyeonbae@dreamwiz.com,Sr@2tABp$H,055-527-1273,김유진,1984-05-25,F
gimgyeongsug@gmail.com,#V9TPYJvh6,018-103-4729,손지원,1943-03-01,F
ieunju@nate.com,l%6j9uXqY4,011-281-9455,황영일,1927-04-02,M
jieunbag@daum.net,Q3PvqzFJ_j,019-915-3586,양은정,1974-10-26,F
gbag@gmail.com,$cQA*gI(8q,010-3908-4673,권재현,2014-08-27,M
bgu@naver.com,b(7EO7cyFS,032-028-6985,김순자,1988-05-27,F
junseohan@live.com,!V5OUw+738,041-600-6459,박지연,1912-10-26,F
gimsubin@hanmail.net,$fI1Ir^&MN,061-554-9103,김선영,1975-03-22,F
hayungim@gmail.com,(LJmIMiKK7,010-7856-9485,서정훈,1926-06-17,M
icoe@naver.com,jyj*3Z*sHF,018-323-4095,차은정,1927-12-04,F
vgo@hanmail.net,@P0KV2zmy%,042-967-8204,이영미,1955-01-18,F
misugmun@daum.net,8a!DqFeO&2,051-565-8899,김채원,1911-01-29,F
dyu@hotmail.com,R0Tpu(uV%#,043-668-5958,류정호,1987-07-10,M
jeonghunbag@live.com,+6KYrmxq%S,017-775-7460,박영길,1975-05-19,M
seongmingim@hanmail.net,A36+X!gn&w,044-499-7646,김성호,1927-06-27,M
pgu@dreamwiz.com,n0UAN7M&_n,010-4267-3908,류진호,1967-12-02,M
ceom@hotmail.com,m@Z4BlbxdJ,016-192-4997,이상훈,1914-05-27,M
jiweon74@naver.com,+3SQTcs$6F,042-553-7100,김선영,1978-12-07,F
wi@daum.net,$Vg02V*q6+,054-660-9256,신정순,1980-09-14,F
idonghyeon@naver.com,b1KYHz6q@V,051-536-9825,김채원,1962-06-17,F
uheo@hotmail.com,%4pvDSfZTZ,043-312-7005,윤주원,1993-10-04,M
jeongsun66@live.com,5z3D*7TgzI,018-536-0822,박상호,1948-02-26,M
jihyejang@hanmail.net,c@#7T_Kc&+,051-710-4530,황시우,1981-08-23,M
yeongsuyun@live.com,L4W9&BJk_),041-070-8291,최병철,1910-06-25,M
sunogsong@nate.com,#5Pn4G&$(m,017-300-2307,윤준호,1980-08-13,M
yujinhan@daum.net,!AOLkGGNf7,042-720-1572,최춘자,2016-02-14,F
wi@daum.net,XY^06N)k&l,053-879-7836,박선영,1938-01-01,F
bagyeongsig@nate.com,98GkSpiA_e,062-386-5383,권중수,1963-10-10,M
pi@nate.com,()3J3ENvyB,018-425-8177,김정자,2001-08-01,F
ogjamun@dreamwiz.com,(c^TS#HA$8,043-092-9244,이준호,1967-01-26,M
icoe@hotmail.com,#F0Im*Qs5%,02-4633-0386,임영호,1939-09-16,M
gimjihun@gmail.com,*ny3VqUhP!,061-236-0378,류경숙,1932-03-08,F
seojun83@hanmail.net,*yMk_^6683,062-618-9549,이은경,1989-07-21,F
jgim@gmail.com,^A6GdwKovU,018-525-5931,성성현,1916-03-21,M
yeonghogim@dreamwiz.com,Pw4_2Iktd%,032-887-9048,강시우,1919-10-14,M
seongsu90@hanmail.net,ID#67GKktC,011-401-2220,오정순,1929-11-09,F
qcoe@daum.net,k0_9SwyF*T,051-283-2321,이영수,1996-05-15,M
boram29@live.com,&WTnVkrW4c,062-773-2977,김은영,1926-01-25,F
fbag@hanmail.net,$AX0$9Sv0),044-448-5069,이서윤,1916-05-11,F
jiyeon26@hanmail.net,&6QlQzMQQ2,016-178-8651,장수진,2000-10-26,F
jeongung50@naver.com,%0gO6Z^v_3,010-5699-0659,박수빈,1930-12-13,F
coehyeonju@hanmail.net,60DVse^r%4,017-576-8337,이보람,1982-08-01,F
seongsubag@hanmail.net,2HqbVE6g*n,054-094-7517,김춘자,1966-11-11,F
yeonggil64@dreamwiz.com,$r0RI9azGy,041-964-6585,이진호,1994-06-14,M
dyang@naver.com,n9DCHxt_$P,043-099-7971,최예은,1953-06-27,F
minjae64@hotmail.com,sr6hOyRk*d,018-928-8957,권수진,2001-11-18,F
tbag@live.com,74CiAg7S&p,033-282-5739,이상현,1995-06-14,M
seongmin38@gmail.com,q0kU@Qix#(,041-232-1446,이준혁,2001-10-04,M
ki@naver.com,)hGV7ICWw0,062-655-7788,윤승현,1905-10-03,M
yeonghwanhong@nate.com,)Y3v8PphcW,063-939-4660,남옥순,1948-07-15,F
seongseonghun@hanmail.net,IwgNruqf#3,016-818-7912,한영진,1909-09-21,M
sujini@hanmail.net,5SnY1XKz8#,055-685-5067,황지연,1920-08-15,F
bagyeongsu@hanmail.net,+3g1Z5b%m7,062-949-1913,이민지,2000-01-02,F
zbag@hotmail.com,&o0A#lI%c3,019-101-1249,김정순,2000-03-30,F
hayuni@hotmail.com,%R8uVhhNQP,062-611-7576,이예원,1976-06-20,F
gyeongsu02@naver.com,*gL_2ETo_7,041-235-2829,주아름,1912-03-15,F
isangho@nate.com,8&2QuWc(gK,044-599-4699,김은지,1953-05-19,F
seonyeong22@daum.net,+pGe(as!3g,011-359-1083,고예은,1928-01-07,F
yeongmibag@hanmail.net,Kp5fzZ&hd_,070-7069-1530,안지은,1917-12-07,F
uyang@nate.com,52BffsAb*N,042-079-8567,문경자,1912-05-25,F
iseoyun@hotmail.com,h#*1ExKf$k,010-3347-1655,이지후,1994-03-19,M
ni@naver.com,Hyn!O2ju#9,055-713-3340,오하윤,1922-02-02,F
seoyunmun@daum.net,PdKZbiix%4,02-6964-7767,민도윤,1974-01-29,M
iareum@nate.com,@7M_V9p$^E,043-349-6123,이숙자,1982-03-26,F
subinseo@hotmail.com,!02CAAiULq,052-137-2752,김유진,1978-07-07,F
hyeonju76@dreamwiz.com,1t*p38Jg+G,062-337-0966,김예준,1917-04-25,M
wcoe@hotmail.com,n)8(j3vqTL,052-496-1054,장정호,1950-08-09,M
gimeunyeong@hanmail.net,^IKK4E1z+p,017-582-1042,박상현,1989-09-02,M
junhyeogcoe@gmail.com,7)h6XNskoc,033-992-1422,최채원,1985-05-13,F
coejinho@hanmail.net,)mZ4%PKsXl,055-085-3223,김영희,1967-07-13,F
jeongjai@nate.com,B)BJuSLy^3,054-134-1028,김민지,2009-02-09,F
agim@dreamwiz.com,sN^p0Fe#)Q,055-857-4083,이지훈,1924-03-02,M
yejunju@nate.com,+qPhP+^h5A,031-851-7153,김준서,1980-06-08,M
sunja05@live.com,$i1fVgEpk&,010-7684-5373,황현주,1963-12-18,F
jeonghun13@live.com,siV%4gQmih,055-749-4568,노현주,1973-05-25,F
yeonggil71@gmail.com,Dy3WSvmNW#,017-602-2588,김현지,1945-02-17,F
agim@dreamwiz.com,%HsMnVj$6Q,064-718-4478,성정순,1908-03-05,F
hyeonsuggang@naver.com,#2Xvk77lmo,041-779-5409,김정희,1961-09-25,F
jihye74@gmail.com,!2UEtNCm%1,051-504-2583,한예은,2015-08-21,F
pbag@hotmail.com,E41XEIDt(S,042-275-8246,강상호,2007-12-14,M
myeongsug48@gmail.com,^n33DgUx9V,062-189-6589,백진호,1941-08-06,M
jihui@gmail.com,Mi64NBiy$v,011-998-3717,이현정,1911-10-17,F
ogang@gmail.com,)4*1Zw2wF@,055-319-8092,김준영,2019-05-20,M
jeonghyigim@hanmail.net,k7(YrUxt!$,051-361-6827,황정순,2008-06-07,F
seonghoheo@naver.com,I#aY)w2b+7,032-827-4046,장예은,1997-10-16,F
gangmyeongja@hanmail.net,y(H4FndQe#,063-207-4174,류영숙,1984-06-11,F
yeonghyi04@daum.net,de*8MgQct3,017-793-7692,김상철,2019-02-04,M
ei@dreamwiz.com,%8mIZU1qS6,02-5415-1453,구성민,1910-07-21,M
sanghyeonyang@gmail.com,Ag10rM4f*4,019-302-5790,최주원,1946-12-29,M
iyeongho@hotmail.com,#7)LpEG2tG,055-071-5346,구영일,1975-10-21,M
idoyun@daum.net,@BT2dQkm5%,018-846-2147,최명자,2021-04-28,F
eunyeonggu@nate.com,D*U*3PcU9H,070-1922-9548,이승민,1967-09-25,M
haeun05@daum.net,+uI8Wz1fhi,054-873-4301,김광수,1942-04-12,M
gangmisug@hanmail.net,_iJ7hUltd3,018-674-1786,김시우,1972-02-03,M
minjunnam@dreamwiz.com,oUH3I#lVH*,019-630-3959,최서현,1934-07-20,F
gimdohyeon@hotmail.com,0R(dS7lb+U,032-561-1315,노민지,1907-11-07,F
baeghyeonji@gmail.com,vF1@#8OuQB,063-217-1142,손도현,1933-11-27,M
gyeonghyigim@hotmail.com,_zM4Suyodj,052-340-0153,허지혜,1932-09-19,F
junhyeog61@naver.com,)K9p7$iy*!,031-044-4451,김민석,1915-03-02,M
seongsu08@dreamwiz.com,$@K7GV89&y,019-900-1567,박재현,1964-09-22,M
eungyeong00@hanmail.net,4#YNh%Kd%b,032-068-8674,김경수,2013-05-02,M
sunja05@nate.com,*87WIxqkI*,054-093-2788,김아름,1920-01-07,F
ryugyeongja@gmail.com,+JN4(LTe9r,070-8304-5462,윤하윤,1989-07-06,F
ogsuni@dreamwiz.com,#yC5ZDpNws,053-607-1851,박성훈,1959-01-19,M
boramyun@hanmail.net,1%ZWjEzr^8,011-309-2866,김시우,1960-11-07,M
subin69@gmail.com,7^Guab9r)C,019-493-4040,이병철,2019-05-06,M
sangceolgweon@live.com,8CeCCi2f#q,044-295-7375,하순자,1972-01-20,F
yeongja60@hotmail.com,006EKW7q%O,033-417-8846,박성민,1916-06-03,M
baggeonu@naver.com,4(hDVk10^X,02-0104-7087,김서연,2005-03-29,F
hbaeg@daum.net,ZNa1coSm7!,062-454-3303,장서윤,1946-03-03,F
hjeon@nate.com,*W78)O)yEf,054-196-5229,김영길,1953-07-25,M
ohan@naver.com,W+b_X7QwEt,033-321-7793,강지연,1952-07-01,F
rgim@daum.net,Dg$3N*Ge0^,061-502-5130,노수진,1932-10-11,F
jieun17@hotmail.com,gI6I(wri@D,041-326-1359,배하윤,1991-12-18,F
wgim@hanmail.net,N!H9r1i7_Z,055-913-6384,김정숙,2015-02-04,F
gimseoyun@naver.com,40DuTW)z!O,018-296-8028,박정식,1941-07-23,M
seongmingim@daum.net,URHwF%QW(6,052-852-9815,김영환,1923-08-14,M
baghyeonjun@gmail.com,7L0YA4Zh#8,011-240-8343,박준혁,1907-12-21,M
seonyeongi@hanmail.net,)drC_6Cd@4,011-353-2530,박현지,1925-02-09,F
qbae@live.com,6Gh+7kgs%j,061-757-7049,이재현,1990-05-26,M
acoe@hotmail.com,*UOKL4Gm19,042-600-2890,김현정,1948-12-10,F
eunjuyang@live.com,kXhtG3Tcq!,016-049-7070,이준영,1936-02-12,M
fyun@live.com,Dn9HPz&2G&,063-318-9827,이성호,1957-08-11,M
jiu08@hotmail.com,Z(7LsJbF3@,053-317-1672,지미숙,2012-10-11,F
usunog@dreamwiz.com,@gM&ipNx+6,054-192-8625,권재현,1918-02-27,M
wbag@daum.net,$i_64Ktlb0,010-3607-3275,이현지,1930-03-07,F
eunseogim@nate.com,r%53MrW4IU,010-5309-9246,이준호,1938-08-11,M
seongjini@dreamwiz.com,%Q*bKEfcg8,051-192-2416,홍혜진,2006-07-01,F
eunyeongbag@live.com,^Sg^BBow3f,017-234-7320,구승민,1918-09-15,M
ngim@live.com,&3IFy4PbGV,033-933-4549,김명숙,1925-03-04,F
anyeji@gmail.com,hCw8)Cebr^,017-417-4041,박정자,2000-07-26,F
myeongsug62@live.com,59YHA$cz+9,043-688-5607,이예지,1910-10-13,F
ebag@dreamwiz.com,_L4bgLjeU@,055-820-7306,김종수,1971-07-11,M
cgim@gmail.com,%8&j5hJw_A,018-954-4855,김영일,1985-08-09,M
munsanghun@gmail.com,*)4d*LPm^z,011-807-7954,이정수,1977-08-21,M
gyeongjagim@hanmail.net,mC9b3PRyW#,051-073-1673,김정훈,1983-06-16,M
ucoe@hotmail.com,+!I9Cg*iB4,016-735-7601,박중수,1971-07-30,M
dgim@nate.com,@G$Jre!n83,033-137-4508,김보람,1968-02-13,F
misuggim@nate.com,@3YvZ1TwO6,041-569-1746,손성훈,1922-09-28,M
gimgyeonghyi@gmail.com,D+70Rwqs*U,070-1717-3606,박지현,2000-12-15,F
seunghyeon44@live.com,8K+zQz2q!I,052-716-1293,정하은,1921-01-19,F
yejini@naver.com,*07WsSy(0Z,051-801-4687,강재호,2004-12-13,M
seungmingim@hanmail.net,q96iTAZh9),063-742-4549,서동현,1939-06-08,M
eunseoyun@naver.com,*5_4SQtL@R,055-544-1890,주예은,1955-06-07,F
minjun27@daum.net,5!5TGs9L^A,042-750-2014,우선영,1934-09-02,F
geonu29@hanmail.net,$6vHpsP8&e,062-728-6790,이정남,1942-06-21,M
jiayang@hanmail.net,N%*8X9xH#T,02-4765-6640,최선영,1925-10-05,F
seonghunjang@gmail.com,t87Hx5P##6,041-268-5064,한영자,1958-08-18,F
seonghyeon47@gmail.com,!0F1M*ehl2,044-894-5706,김종수,1961-03-03,M
yangseongsu@hanmail.net,r3miIAkn+u,051-187-0565,김정자,2014-05-27,F
seonyeong39@daum.net,(jc1K*dgf_,019-769-9516,김준서,1981-05-26,M
jangminsu@naver.com,aW8#1MRdvs,063-840-5849,양현준,1981-06-11,M
coeseongjin@hotmail.com,#6Ofif4R*p,070-2260-5575,김은정,1951-02-07,F
gimminji@nate.com,fviMTOg%(0,033-179-7070,허영희,1997-07-31,F
ui@dreamwiz.com,Wy1BeisZ#W,011-310-5196,박현숙,1906-06-29,F
sunjagim@nate.com,H5+5Coupv),053-172-9918,우현주,1924-09-30,F
jeonminseog@gmail.com,asl3tJvG6#,070-9926-3869,강수진,1968-06-15,F
ogim@hanmail.net,4k@*VB8n!u,070-1148-1575,이춘자,2012-06-13,F
ghan@dreamwiz.com,PMV2PL*n0),011-096-3920,강영일,1915-10-18,M
jungsugim@gmail.com,0B$8E2uLk&,011-514-4736,김상훈,1946-07-10,M
sanghobag@daum.net,YvN0b(L6!1,011-620-9782,이하윤,1993-02-27,F
minseog06@nate.com,41TcZlXq!W,032-296-9180,김시우,1909-02-21,M
osanghyeon@nate.com,_F11YOnq_X,052-200-7743,김영진,1992-09-05,M
yeongceolgim@live.com,7sxSzbAb+1,043-420-7094,이정호,1915-11-16,M
jujaeho@live.com,%*1yBEqQwa,032-959-2578,최미정,1983-02-02,F
hyeonjeongcoe@nate.com,yf6e5ITOD@,042-914-9275,강정순,1982-10-13,F
rgim@nate.com,+g80AMDk@n,019-784-1095,김성현,1914-06-11,M
hgim@nate.com,3a&LG5XsOc,019-644-9665,김도윤,1975-02-21,M
jiyeongheo@hotmail.com,9%6ai@Jd&L,011-309-6304,차영길,1997-10-17,M
bagjihyeon@live.com,UkZ0Q4Tx*s,042-484-7036,김상훈,1952-02-01,M
sunjai@hotmail.com,D5Fjzaq)!4,032-181-0430,이준혁,2018-05-29,M
ogsunhong@hanmail.net,QbCNfu2y)0,063-156-7662,김채원,1952-11-21,F
wgim@naver.com,%Mh0$BjlR3,070-1368-0171,문하윤,1963-02-18,F
sumin99@nate.com,+Q8Zw&#i*k,041-849-9901,김서연,1960-01-03,F
jiweon79@live.com,FG1wlJcaa),063-204-5895,박서현,1907-01-25,F
eungyeong54@nate.com,&jYfi2Lo#X,070-5732-9874,강서윤,1928-09-17,F
minseogim@dreamwiz.com,kaRm4RHt+X,041-477-4007,고정웅,1996-09-04,M
agim@naver.com,p^LsiwB2*2,055-936-4263,이수빈,1945-08-14,F
juweonan@hanmail.net,6vM_1DNq3T,042-306-7045,이아름,1971-03-21,F
rbag@dreamwiz.com,!9Rv4*ZXWs,063-695-8238,김영진,1941-02-16,M
mijeongjang@naver.com,e3HzQ9h$^^,064-701-8036,윤예지,1925-02-13,F
sujin66@hanmail.net,Y2TU#v8k#B,042-065-7340,장현숙,1932-03-08,F
jeongunggim@dreamwiz.com,M*S2(Xp+_n,062-600-7511,박은서,1941-01-25,F
myun@live.com,_BFJ#Zsf47,018-767-7029,김춘자,1929-06-18,F
dgim@hanmail.net,wn6Kk$6O$u,041-392-3254,최보람,1939-04-03,F
imisug@hotmail.com,uB!(o7FbS&,017-722-9720,이예원,1986-12-12,F
lgang@nate.com,aK0ZXmpJ%A,044-800-3572,김지현,1922-04-07,F
tbag@hotmail.com,$1mPkEu(zt,016-136-1155,한서준,1984-08-01,M
yejinbag@dreamwiz.com,*pDQW9)jh1,011-625-6636,최정호,2008-08-25,M
jeongsungim@hanmail.net,tZ(4DPkar_,061-971-7973,박옥순,2011-12-09,F
jeongsun20@gmail.com,L+Q41mMxAI,041-113-8409,김정남,1915-12-17,M
jeongsignam@live.com,*53xd!%uMQ,051-661-1428,이은서,1910-06-06,F
hyeonjun12@dreamwiz.com,H!1Hx$Td$s,017-138-1852,이윤서,2015-03-22,F
gyeongjagim@dreamwiz.com,8l9FxQt+f),010-1086-3109,한성현,1967-10-18,M
ucoe@hanmail.net,&g3K6weLB@,043-287-2901,김서영,1943-02-26,F
useong@daum.net,_O6N%l@WZC,061-931-5780,류아름,1927-08-08,F
isangceol@hotmail.com,O^1%4I37&s,019-223-6219,김은지,1982-08-07,F
jiminjo@gmail.com,^3OwGvZO@k,02-0606-3481,류도윤,1905-11-15,M
sanghyeoni@live.com,!7TVS5k3Vr,016-772-1027,백민수,1969-03-04,M
eunjeong62@hotmail.com,sGon4_EyO),033-283-3491,김지민,2016-05-03,F
gimmyeongja@dreamwiz.com,Y0caDWZt+7,063-495-5630,윤상철,2011-04-09,M
lgim@hotmail.com,zA5hfZKfr%,055-141-0313,최수빈,1911-11-14,F
minjun13@naver.com,&)5aZ7dnUZ,064-765-0673,이정식,1936-10-08,M
migyeongbag@daum.net,_*7IKOYp_N,052-154-9233,김예은,1997-09-02,F
yseong@dreamwiz.com,A)3a7Jew!L,042-728-8756,이수민,1968-06-15,F
migyeongbag@nate.com,_LAUNzr@1r,054-564-4463,서준혁,1922-10-03,M
jeongsig28@nate.com,I@I2INzyer,019-755-4869,나민서,1911-09-25,F
xi@dreamwiz.com,_MF*QTm&2U,051-527-7867,김영숙,1971-05-25,F
kgim@daum.net,3pY!Utf1%%,054-357-8340,이은영,1960-01-16,F
jeonghuni@hanmail.net,ajptuOWJ*8,042-701-8641,이민서,1938-06-24,F
hanseonyeong@dreamwiz.com,)F4tGZvTE*,033-428-0934,박성수,1909-05-08,M
seonghoyang@live.com,@7)UQJOM7g,017-532-4687,김경숙,1905-09-09,F
seonghyeon06@hotmail.com,_#3RwU*1Nc,031-684-6683,허민수,1959-05-29,M
gimeunseo@hanmail.net,SZ0S3gXK%9,042-687-7623,권정순,1909-10-26,F
yeonghyiheo@gmail.com,**6JcmBF2+,018-982-2506,이예원,1918-08-08,F
gimyeongceol@naver.com,&%efLWq5l2,018-507-1755,한중수,1976-09-28,M
sonjihu@hanmail.net,_sbubMycP3,051-445-7864,김상철,1957-07-04,M
jeongsighan@gmail.com,Rq8V3mjm*c,064-764-8108,이영철,2019-11-07,M
junho56@gmail.com,j_r@2AlRFU,062-356-0828,김성진,1935-06-17,M
hwangjunyeong@hotmail.com,(*8JeZSmpQ,02-2696-5546,홍민수,1926-02-22,M
gweonjaehyeon@hotmail.com,$VMa)RKrF2,054-768-1548,황현숙,1906-12-13,F
gimbyeongceol@gmail.com,)s_n6XSuk7,010-5494-5551,황승민,1972-11-10,M
kgim@dreamwiz.com,UPcf6HuL@w,061-879-0711,손예원,1948-09-06,F
hyeonjugim@gmail.com,!lIGbDyfP1,064-702-9532,서수빈,1948-08-14,F
ogsuni@nate.com,3b3#lvJy#7,02-6294-3005,조예준,1947-12-08,M
